Node_ID,0,1,2,3,4,5,6,7,8,9,10,11,12,13,14,15,16,17,18,19,20,21,22,23,24,25,26,27,28,29,30,31,32,33,34,35,36,37,38,39,40,41,42,43,44,45,46,47,48,49,50,51,52,53,54,55,56,57,58,59,60,61,62,63,64,65,66,67,68,69,70,71,72,73,74,75,76,77,78,79,80,81,82,83,84,85,86,87,88,89,90,91,92,93,94,95,96,97,98,99,100,101,102,103,104
0,0,451,501,371,144,145,262,301,367,224,231,204,230,172,138,192,454,249,248,220,214,157,40,86,293,273,243,229,200,247,162,205,176,162,117,154,97,293,108,270,298,391,184,261,511,77,547,523,252,394,41,357,362,456,216,279,223,325,476,316,207,311,53,289,463,116,273,380,410,120,296,514,495,45,394,420,88,337,502,426,541,562,270,440,410,552,176,347,537,575,86,80,596,304,327,360,326,476,494,313,327,434,538,458,56
1,451,0,51,84,364,404,499,180,157,233,513,524,534,519,517,484,95,375,410,363,273,480,489,522,522,295,282,484,408,456,443,448,291,291,344,301,356,490,518,343,247,257,364,202,103,439,195,148,225,87,443,224,121,55,235,177,326,126,147,139,253,371,401,453,206,439,233,74,95,478,413,72,73,409,190,43,396,333,195,228,93,132,181,54,123,105,321,136,107,168,478,529,212,312,198,292,266,51,107,160,132,163,133,99,481
2,501,51,0,131,416,455,549,231,202,284,563,576,584,570,568,535,99,424,459,414,325,532,539,573,571,344,332,535,459,506,494,499,342,341,395,350,405,539,569,391,295,296,415,248,103,491,199,152,276,134,494,268,157,63,285,229,376,177,168,186,300,417,451,501,233,490,283,125,119,529,461,54,49,458,229,83,447,377,212,262,41,109,231,92,162,68,372,185,63,154,529,579,201,359,245,334,312,65,90,202,184,195,99,125,532
3,371,84,131,0,297,339,448,132,145,161,455,462,475,453,447,423,102,328,361,310,211,415,410,445,473,253,230,429,351,405,380,391,220,214,269,219,275,444,444,300,210,251,304,118,175,366,254,210,165,87,366,208,51,88,155,110,273,55,190,55,170,336,323,409,232,370,185,44,66,408,373,155,126,328,191,49,323,307,238,237,171,213,101,101,136,190,256,105,168,244,405,450,282,278,168,274,239,125,138,78,79,184,178,146,405
4,144,364,416,297,0,42,176,190,247,136,168,167,183,156,154,131,395,111,122,79,93,118,168,177,207,130,106,148,80,142,85,110,78,102,62,141,120,191,161,126,163,251,43,219,402,88,421,405,141,291,111,222,308,385,159,189,79,243,354,251,180,170,99,172,330,76,147,290,353,114,165,416,422,132,264,343,57,192,373,290,457,455,202,339,294,456,44,238,464,460,122,199,474,160,201,216,185,377,434,266,232,308,475,345,140
5,145,404,455,339,42,0,140,227,280,178,127,125,141,115,118,89,437,106,104,80,131,77,159,155,172,150,135,109,55,111,43,74,121,143,96,179,148,160,132,132,190,271,50,261,438,73,451,437,179,328,106,248,350,426,201,229,98,284,385,293,220,168,112,148,356,44,181,330,395,80,151,453,463,145,293,384,65,200,401,313,496,491,244,376,328,493,83,275,504,493,98,183,504,172,233,232,206,415,475,308,271,338,516,380,124
6,262,499,549,448,176,140,0,320,352,298,44,84,66,115,152,72,549,125,90,137,239,107,260,228,32,206,218,33,100,43,104,67,247,278,235,317,287,39,190,161,255,299,149,390,508,186,495,495,283,415,222,298,469,531,329,339,175,393,442,410,355,155,245,66,395,148,267,429,509,146,107,535,566,277,346,488,200,203,442,347,588,561,364,461,400,574,202,364,605,552,183,265,551,201,306,251,250,498,585,433,372,394,623,452,219
7,301,180,231,132,190,227,320,0,69,83,333,345,354,342,343,305,233,197,232,184,97,303,336,360,344,120,102,305,228,277,265,268,126,144,185,178,218,314,349,168,79,145,185,139,214,272,247,222,51,101,284,97,167,212,116,50,146,82,175,112,155,204,248,278,176,266,54,109,198,304,241,226,246,266,109,169,231,178,207,154,271,266,92,149,108,266,146,48,285,275,310,374,295,147,48,152,112,188,266,150,53,137,304,158,320
8,367,157,202,145,247,280,352,69,0,152,372,390,395,391,398,349,234,227,262,223,156,353,401,421,372,146,145,342,270,310,313,309,191,212,251,246,286,339,408,192,97,107,233,195,159,333,180,158,116,71,347,68,192,203,183,111,188,114,109,151,220,215,314,301,109,321,100,105,208,359,259,183,230,333,48,163,293,176,138,97,239,212,149,111,48,222,203,43,263,213,369,438,229,157,48,135,110,146,259,191,82,69,290,101,382
9,224,233,284,161,136,178,298,83,152,0,299,303,317,292,286,265,258,190,219,165,62,254,260,289,326,136,100,275,198,257,220,236,59,63,111,96,136,302,285,175,122,212,150,96,288,206,330,301,45,171,211,166,173,249,44,56,130,108,257,114,85,221,172,271,257,209,83,160,216,247,244,292,287,185,189,208,163,212,289,231,326,338,67,217,189,331,98,124,329,352,245,299,376,174,122,204,160,254,297,135,104,220,339,235,249
10,231,513,563,455,168,127,44,333,372,299,0,40,25,73,111,41,556,147,114,150,244,74,224,189,66,226,231,30,105,70,85,65,244,270,222,305,269,83,150,184,275,329,151,387,530,158,523,519,291,431,192,322,472,541,326,346,187,400,467,413,347,188,221,106,424,123,280,441,515,112,143,553,577,251,370,498,180,235,471,376,603,583,366,478,420,593,202,378,617,577,148,226,579,227,324,281,274,516,593,433,382,418,633,472,184
11,204,524,576,462,167,125,84,345,390,303,40,0,26,36,75,41,561,172,142,168,252,54,192,153,104,246,246,62,120,103,83,83,246,266,215,296,254,123,114,209,294,356,160,386,549,137,548,541,300,445,168,345,475,549,325,353,202,408,489,418,342,219,202,143,449,107,295,452,520,85,177,569,586,229,393,507,166,265,496,403,616,602,369,493,438,609,206,392,627,599,118,190,604,253,342,309,298,531,600,433,393,441,640,491,153
12,230,534,584,475,183,141,66,354,395,317,25,26,0,62,100,52,574,171,139,173,263,76,219,179,82,250,253,55,126,95,98,86,261,284,234,316,276,105,140,209,298,354,170,402,553,161,548,544,311,453,193,347,490,561,342,365,209,419,491,431,360,213,225,131,448,129,302,461,533,110,169,576,597,254,395,518,188,261,496,401,625,606,384,500,443,616,219,400,637,601,144,216,604,252,347,306,299,538,612,449,403,443,652,496,179
13,172,519,570,453,156,115,115,342,391,292,73,36,62,0,39,53,550,184,159,173,246,39,158,117,139,252,246,88,126,126,78,96,234,250,196,275,229,154,79,220,298,367,158,369,550,109,556,546,295,443,137,352,462,541,310,344,204,399,493,406,323,237,174,169,458,86,294,446,508,56,199,568,578,200,399,499,144,281,504,412,611,603,357,491,439,608,198,390,619,603,85,155,611,264,343,322,306,529,589,419,387,446,631,492,119
14,138,517,568,447,154,118,152,343,398,286,111,75,100,39,0,84,542,204,184,188,246,55,120,78,177,265,253,123,144,157,91,122,227,237,182,256,206,190,40,238,307,384,166,356,555,87,567,554,294,444,107,364,452,535,299,340,214,394,503,397,307,261,149,202,472,78,298,443,499,39,227,569,573,171,409,494,128,302,517,427,610,608,348,492,445,609,198,392,615,611,54,116,622,281,350,341,320,531,581,407,385,456,624,498,83
15,192,484,535,423,131,89,72,305,349,265,41,41,52,53,84,0,523,133,106,127,212,36,188,158,101,206,205,40,79,73,46,44,208,232,182,265,228,107,121,170,253,317,120,350,508,117,508,501,260,405,152,305,437,510,289,314,161,368,448,379,308,184,179,118,410,82,254,411,481,74,146,529,547,210,353,468,139,229,457,364,576,561,331,452,397,568,168,352,587,558,111,194,564,214,301,271,258,490,561,397,353,400,601,450,147
16,454,95,99,102,395,437,549,233,234,258,556,561,574,550,542,523,0,429,463,412,312,513,493,533,575,354,332,530,452,506,479,492,317,305,361,300,356,546,536,402,310,339,405,192,193,458,288,240,266,165,454,301,92,41,244,210,374,156,242,144,246,436,409,511,299,466,286,130,43,503,475,150,58,409,274,71,415,404,290,316,122,207,194,147,209,166,355,200,92,251,496,533,298,378,265,368,336,143,41,140,180,254,84,194,493
17,249,375,424,328,111,106,125,197,227,190,147,172,171,184,204,133,429,0,35,33,128,150,265,258,147,81,98,117,60,82,113,89,152,190,168,238,229,117,229,38,130,184,68,286,384,179,377,373,165,290,211,175,354,409,228,222,60,274,320,295,261,62,209,82,278,146,144,306,391,174,57,410,443,242,223,366,163,98,325,231,463,437,253,336,275,449,109,239,481,430,200,288,433,81,180,139,128,373,464,322,250,272,501,327,230
18,248,410,459,361,122,104,90,232,262,219,114,142,139,159,184,106,463,35,0,55,158,129,259,245,112,116,131,84,49,47,97,63,176,212,183,258,242,83,213,71,165,215,81,315,419,174,409,406,198,326,209,209,386,444,256,255,90,307,353,327,286,78,214,53,309,137,178,341,425,158,48,445,478,248,257,401,167,123,357,262,498,471,284,371,309,484,131,274,516,463,189,278,465,113,215,167,161,408,498,353,284,305,535,362,221
19,220,363,414,310,79,80,137,184,223,165,150,168,173,173,188,127,412,33,55,0,103,136,238,235,164,79,82,121,48,95,97,86,122,159,136,206,196,137,209,53,126,195,36,260,381,152,382,374,146,281,183,178,333,394,201,202,38,255,321,274,232,91,178,108,285,123,131,292,372,154,89,404,429,210,226,351,133,120,331,240,453,434,230,328,271,443,77,228,468,431,177,263,438,94,174,153,133,366,447,299,235,273,486,323,204
20,214,273,325,211,93,131,239,97,156,62,244,252,263,246,246,212,312,128,158,103,0,207,246,265,266,82,44,218,140,197,170,180,43,80,98,129,147,241,253,114,87,183,93,158,310,176,334,314,49,198,191,144,230,298,102,102,68,156,265,171,138,162,161,209,249,168,59,200,271,207,183,323,334,185,180,255,137,159,288,213,366,363,127,246,202,363,48,146,375,369,213,282,386,121,113,162,121,285,349,195,141,221,389,254,226
21,157,480,532,415,118,77,107,303,353,254,74,54,76,39,55,36,513,150,129,136,207,0,152,123,136,215,207,75,91,104,40,67,196,214,161,243,201,142,88,185,259,331,120,334,511,85,518,508,256,404,119,314,425,503,274,306,166,360,455,368,289,206,149,149,421,53,255,407,470,39,172,529,540,178,361,461,113,248,467,376,573,564,320,452,401,569,160,351,581,564,75,160,573,229,305,287,269,490,551,382,348,408,593,453,112
22,40,489,539,410,168,159,260,336,401,260,224,192,219,158,120,188,493,265,259,238,246,152,0,53,289,298,272,227,211,251,166,209,210,199,151,193,137,293,84,290,328,419,204,301,548,87,580,558,286,431,57,387,401,495,255,316,247,363,510,356,247,327,89,294,494,122,305,418,450,114,307,551,534,84,426,459,112,357,534,456,580,599,309,477,445,590,205,383,576,611,77,40,631,327,359,384,353,514,534,353,364,467,577,494,41
23,86,522,573,445,177,155,228,360,421,289,189,153,179,117,78,158,533,258,245,235,265,123,53,0,254,304,283,197,199,227,148,188,235,231,178,234,178,265,39,287,340,426,205,341,573,89,598,579,309,458,79,398,441,532,290,345,252,396,529,392,288,319,123,272,507,112,322,449,489,88,292,581,571,130,441,494,129,354,550,466,614,625,344,505,467,620,219,407,613,633,58,38,650,328,376,387,360,543,573,393,393,485,616,517,41
24,293,522,571,473,207,172,32,344,372,326,66,104,82,139,177,101,575,147,112,164,266,136,289,254,0,227,243,65,130,69,136,98,277,308,267,348,319,36,216,180,276,312,178,419,526,217,508,510,309,437,253,315,496,556,359,366,201,419,458,437,385,166,276,74,407,180,290,453,536,175,118,555,590,308,362,513,232,214,455,360,610,578,392,482,419,594,232,386,628,567,212,292,564,218,326,263,267,519,610,461,397,410,648,470,248
25,273,295,344,253,130,150,206,120,146,136,226,246,250,252,265,206,354,81,116,79,82,215,298,304,227,0,39,196,127,163,175,164,122,162,166,211,222,195,282,48,49,122,100,230,304,217,304,295,99,210,241,99,284,331,180,154,52,200,242,226,219,87,223,158,207,194,68,228,318,229,121,329,364,252,147,288,186,77,252,163,382,357,190,255,194,368,98,159,401,352,247,328,359,39,99,87,56,292,386,258,174,194,423,246,269
26,243,282,332,230,106,135,218,102,145,100,231,246,253,246,253,205,332,98,131,82,44,207,272,283,243,39,0,203,127,175,168,167,84,123,132,172,186,214,266,76,56,148,88,195,304,194,316,301,68,200,215,115,257,313,142,125,44,176,250,198,181,121,192,180,224,178,49,211,294,215,148,324,348,219,158,270,160,116,267,184,372,357,158,248,194,363,67,147,387,358,228,305,369,77,98,121,83,286,367,227,154,203,405,246,246
27,229,484,535,429,148,109,33,305,342,275,30,62,55,88,123,40,530,117,84,121,218,75,227,197,65,196,203,0,78,41,71,39,222,250,205,288,256,67,160,154,245,299,126,365,500,153,493,489,264,402,189,292,447,514,304,320,159,374,437,388,327,159,212,81,393,115,252,413,489,114,115,524,550,244,340,471,168,206,441,346,575,553,342,449,390,564,178,350,589,547,150,234,549,197,295,251,244,487,566,409,355,388,606,443,186
28,200,408,459,351,80,55,100,228,270,198,105,120,126,126,144,79,452,60,49,48,140,91,211,199,130,127,127,78,0,63,53,40,147,179,141,221,198,112,170,94,174,241,49,290,429,125,430,422,186,327,160,226,370,437,229,242,83,296,369,311,255,120,166,94,332,89,176,336,412,114,96,450,472,200,273,394,119,158,378,286,499,482,265,374,318,490,102,274,512,479,142,231,485,138,222,197,180,412,489,333,278,321,528,371,174
29,247,456,506,405,142,111,43,277,310,257,70,103,95,126,157,73,506,82,47,95,197,104,251,227,69,163,175,41,63,0,85,42,208,241,203,283,259,50,192,118,212,260,110,351,466,170,455,453,240,372,206,256,427,488,290,297,132,350,400,368,318,118,221,45,355,131,223,386,467,140,75,492,523,255,304,445,175,166,403,308,545,519,323,418,357,531,163,320,562,511,175,263,512,160,263,212,208,455,542,392,329,352,580,409,211
30,162,443,494,380,85,43,104,265,313,220,85,83,98,78,91,46,479,113,97,97,170,40,166,148,136,175,168,71,53,85,0,43,163,186,137,220,185,131,117,147,220,293,80,304,472,85,479,468,218,366,121,275,393,467,244,270,126,325,416,335,263,172,141,128,382,46,216,370,437,62,143,490,504,173,321,425,97,211,428,337,535,525,287,413,361,530,124,312,545,525,93,182,533,190,265,249,230,452,517,351,311,368,558,414,127
31,205,448,499,391,110,74,67,268,309,236,65,83,86,96,122,44,492,89,63,86,180,67,209,188,98,164,167,39,40,42,43,0,183,212,169,251,222,89,154,126,212,274,87,326,467,128,465,459,226,367,165,262,409,476,265,281,123,336,406,350,289,141,181,85,366,89,216,376,451,100,106,490,513,214,310,434,136,185,413,320,539,521,303,414,357,529,139,314,552,516,134,223,521,170,261,227,215,452,529,370,318,358,568,410,169
32,176,291,342,220,78,121,247,126,191,59,244,246,261,234,227,208,317,152,176,122,43,196,210,235,277,122,84,222,147,208,163,183,0,40,59,90,103,255,228,147,130,226,99,143,339,149,371,347,76,223,158,186,229,308,82,113,94,167,300,172,110,196,123,229,289,150,99,217,274,188,209,346,346,144,220,267,107,199,326,255,383,391,124,270,234,386,45,173,387,401,188,248,420,161,151,205,165,308,356,188,159,258,397,284,194
33,162,291,341,214,102,143,278,144,212,63,270,266,284,250,237,232,305,190,212,159,80,214,199,231,308,162,123,250,179,241,186,212,40,0,56,50,74,289,231,187,165,260,132,120,350,153,391,364,98,233,152,217,215,301,61,117,134,165,319,162,77,235,111,265,315,164,130,219,262,199,247,352,340,123,246,263,110,238,350,285,383,400,113,278,251,391,81,187,382,415,192,238,438,200,178,242,201,315,345,169,166,281,388,298,191
34,117,344,395,269,62,96,235,185,251,111,222,215,234,196,182,182,361,168,183,136,98,161,151,178,267,166,132,205,141,203,137,169,59,56,0,83,60,253,175,176,184,279,102,174,397,97,430,407,135,281,100,242,270,357,117,167,124,218,359,217,127,223,64,234,347,109,157,271,318,144,224,403,395,88,278,317,54,238,385,311,436,448,168,327,293,442,68,232,437,460,136,189,480,201,210,253,215,365,401,225,215,317,443,342,137
35,154,301,350,219,141,179,317,178,246,96,305,296,316,275,256,265,300,238,258,206,129,243,193,234,348,211,172,288,221,283,220,251,90,50,83,0,57,332,242,236,211,305,177,107,372,169,422,391,139,255,158,260,208,303,68,141,183,178,350,164,53,285,112,310,353,189,174,234,256,221,295,368,341,110,285,268,131,288,384,326,390,420,121,297,281,405,129,215,383,439,205,234,467,249,218,290,248,332,340,159,187,315,384,323,195
36,97,356,405,275,120,148,287,218,286,136,269,254,276,229,206,228,356,229,242,196,147,201,137,178,319,222,186,256,198,259,185,222,103,74,60,57,0,308,189,236,234,330,162,164,422,121,465,437,172,304,103,289,265,359,120,188,183,230,393,220,110,284,58,292,389,147,202,286,313,174,284,420,397,53,320,323,89,296,424,358,445,471,174,348,325,458,127,260,439,487,154,177,512,259,251,307,268,384,397,216,236,355,440,370,140
37,293,490,539,444,191,160,39,314,339,302,83,123,105,154,190,107,546,117,83,137,241,142,293,265,36,195,214,67,112,50,131,89,255,289,253,332,308,0,227,147,244,276,157,396,492,216,472,475,281,405,252,280,469,526,337,338,174,390,422,410,365,131,270,39,372,177,260,422,508,181,82,522,559,303,327,483,224,179,419,324,577,544,367,449,385,560,210,354,596,531,217,302,528,183,294,227,232,485,580,436,367,375,617,436,253
38,108,518,569,444,161,132,190,349,408,285,150,114,140,79,40,121,536,229,213,209,253,88,84,39,216,282,266,160,170,192,117,154,228,231,175,242,189,227,0,261,322,403,183,346,563,78,581,565,299,449,85,380,445,532,292,341,230,393,515,393,295,289,131,237,488,88,308,444,492,56,259,574,570,146,424,492,122,327,532,445,610,615,344,497,454,613,205,398,612,621,40,76,635,303,362,363,339,535,576,398,387,469,619,506,52
39,270,343,391,300,126,132,161,168,192,175,184,209,209,220,238,170,402,38,71,53,114,185,290,287,180,48,76,154,94,118,147,126,147,187,176,236,236,147,261,0,96,147,86,270,348,204,339,335,143,257,234,138,330,379,216,199,54,248,282,272,252,49,225,110,240,175,116,276,365,206,73,375,412,257,186,337,182,68,287,194,430,400,234,302,239,414,110,207,449,393,230,316,395,44,146,103,90,338,435,302,222,234,471,291,257
40,298,247,295,210,163,190,255,79,97,122,275,294,298,298,307,253,310,130,165,126,87,259,328,340,276,49,56,245,174,212,220,212,130,165,184,211,234,244,322,96,0,96,141,206,255,251,260,248,78,161,271,59,246,285,165,121,94,161,196,190,206,127,246,206,168,233,39,182,276,270,167,280,317,272,102,243,216,99,211,128,333,308,162,206,145,319,123,112,353,305,284,361,314,68,50,82,39,243,341,226,131,149,376,198,303
41,391,257,296,251,251,271,299,145,107,212,329,356,354,367,384,317,339,184,215,195,183,331,419,426,312,122,148,299,241,260,293,274,226,260,279,305,330,276,403,147,96,0,221,284,225,338,196,201,167,175,362,48,297,306,254,195,174,216,150,251,294,145,341,237,96,315,131,212,315,349,194,265,330,367,67,269,307,97,143,48,328,274,237,205,135,299,215,147,359,257,369,450,252,103,97,49,66,234,362,291,182,106,390,175,391
42,184,364,415,304,43,50,149,185,233,150,151,160,170,158,166,120,405,68,81,36,93,120,204,205,178,100,88,126,49,110,80,87,99,132,102,177,162,157,183,86,141,221,0,241,392,119,401,389,140,286,148,198,322,391,181,195,48,249,337,263,208,127,141,133,306,94,135,291,364,130,122,410,427,174,243,348,97,153,351,263,456,445,216,333,281,450,53,232,467,445,148,231,455,123,185,182,156,372,442,284,233,289,482,334,172
43,261,202,248,118,219,261,390,139,195,96,387,386,402,369,356,350,192,286,315,260,158,334,301,341,419,230,195,365,290,351,304,326,143,120,174,107,164,396,346,270,206,284,241,0,286,270,352,314,131,176,263,236,101,197,61,89,226,92,281,65,54,316,218,367,303,283,168,143,149,318,341,272,235,217,242,165,228,302,323,290,287,329,47,210,214,308,188,154,277,355,308,341,389,266,187,287,244,240,233,52,116,258,276,245,301
44,511,103,103,175,402,438,508,214,159,288,530,549,553,550,555,508,193,384,419,381,310,511,548,573,526,304,304,500,429,466,472,467,339,350,397,372,422,492,563,348,255,225,392,286,0,486,97,49,264,118,497,211,220,152,304,234,347,197,78,222,331,363,459,453,144,478,257,143,199,516,410,51,151,473,165,145,445,318,113,183,116,53,254,77,111,75,358,166,160,69,523,586,109,309,207,270,259,53,192,253,186,119,200,58,533
45,77,439,491,366,88,73,186,272,333,206,158,137,161,109,87,117,458,179,174,152,176,85,87,89,217,217,194,153,125,170,85,128,149,153,97,169,121,216,78,204,251,338,119,270,486,0,509,491,222,372,36,310,368,454,214,262,165,314,440,315,220,241,65,212,418,39,234,366,415,53,221,496,492,93,352,414,43,272,461,377,532,538,266,419,379,535,130,320,534,545,39,112,561,243,288,301,272,457,498,322,309,396,541,430,53
46,547,195,199,254,421,451,495,247,180,330,523,548,548,556,567,508,288,377,409,382,334,518,580,598,508,304,316,493,430,455,479,465,371,391,430,422,465,472,581,339,260,196,401,352,97,509,0,48,296,176,526,204,303,247,356,282,353,260,73,292,389,342,494,434,100,493,276,214,289,530,390,147,248,513,158,234,471,293,53,148,208,113,312,154,142,158,379,207,254,73,544,616,56,296,222,245,250,145,289,328,239,113,295,109,559
47,523,148,152,210,405,437,495,222,158,301,519,541,544,546,554,501,240,373,406,374,314,508,558,579,510,295,301,489,422,453,468,459,347,364,407,391,437,475,565,335,248,201,389,314,49,491,48,0,272,138,504,197,258,199,323,251,342,222,53,252,354,344,470,436,110,478,257,173,242,516,392,100,200,487,149,187,451,297,70,155,163,78,277,109,113,117,361,177,208,57,527,595,76,294,204,248,245,97,241,286,205,101,248,69,540
48,252,225,276,165,141,179,283,51,116,45,291,300,311,295,294,260,266,165,198,146,49,256,286,309,309,99,68,264,186,240,218,226,76,98,135,139,172,281,299,143,78,167,140,131,264,222,296,272,0,151,233,122,189,250,88,57,108,110,224,129,129,186,199,247,217,216,39,151,227,255,216,275,287,218,148,208,180,171,252,188,317,317,91,198,159,315,97,99,327,325,259,323,345,135,80,160,116,237,303,159,92,184,342,208,269
49,394,87,134,87,291,328,415,101,71,171,431,445,453,443,444,405,165,290,326,281,198,404,431,458,437,210,200,402,327,372,366,367,223,233,281,255,304,405,449,257,161,175,286,176,118,372,176,138,151,0,380,139,138,132,187,116,244,84,107,116,216,284,342,367,145,366,151,44,143,405,327,125,159,355,109,94,330,246,152,153,173,168,139,48,48,165,247,53,193,184,410,469,214,226,111,206,179,86,188,154,68,97,219,69,417
50,41,443,494,366,111,106,222,284,347,211,192,168,193,137,107,152,454,211,209,183,191,119,57,79,253,241,215,189,160,206,121,165,158,152,100,158,103,252,85,234,271,362,148,263,497,36,526,504,233,380,0,330,363,453,211,267,190,317,456,313,211,273,46,248,438,75,250,370,411,83,256,503,492,64,370,415,56,302,479,399,535,548,265,427,392,542,148,331,534,558,53,90,577,270,304,328,296,465,495,315,315,412,538,441,39
51,357,224,268,208,222,248,298,97,68,166,322,345,347,352,364,305,301,175,209,178,144,314,387,398,315,99,115,292,226,256,275,262,186,217,242,260,289,280,380,138,59,48,198,236,211,310,204,197,122,139,330,0,252,270,206,147,150,169,144,204,247,152,305,241,109,291,87,171,273,327,199,244,298,329,48,231,275,110,153,69,303,263,189,176,107,281,182,103,330,254,343,420,259,97,48,68,48,209,327,244,136,96,357,156,362
52,362,121,157,51,308,350,469,167,192,173,472,475,490,462,452,437,92,354,386,333,230,425,401,441,496,284,257,447,370,427,393,409,229,215,270,208,265,469,445,330,246,297,322,101,220,368,303,258,189,138,363,252,0,100,153,131,296,85,241,59,155,370,318,436,283,377,216,95,48,414,403,193,137,318,239,78,325,344,288,286,194,253,106,150,186,223,270,150,178,288,406,442,328,313,208,316,278,168,132,49,117,235,176,195,401
53,456,55,63,88,385,426,531,212,203,249,541,549,561,541,535,510,41,409,444,394,298,503,495,532,556,331,313,514,437,488,467,476,308,301,357,303,359,526,532,379,285,306,391,197,152,454,247,199,250,132,453,270,100,0,242,197,356,142,202,140,251,411,409,489,261,458,266,104,57,496,452,110,39,412,240,43,410,376,249,280,94,169,188,108,174,131,343,174,81,212,492,535,258,352,238,338,309,102,57,148,159,216,92,154,492
54,216,235,285,155,159,201,329,116,183,44,326,325,342,310,299,289,244,228,256,201,102,274,255,290,359,180,142,304,229,290,244,265,82,61,117,68,120,337,292,216,165,254,181,61,304,214,356,323,88,187,211,206,153,242,0,73,169,110,283,102,41,263,168,308,291,224,126,166,201,260,284,300,280,174,224,204,172,255,319,269,326,351,54,229,214,338,127,149,322,371,253,295,399,217,160,247,204,264,284,109,119,251,327,255,250
55,279,177,229,110,189,229,339,50,111,56,346,353,365,344,340,314,210,222,255,202,102,306,316,345,366,154,125,320,242,297,270,281,113,117,167,141,188,338,341,199,121,195,195,89,234,262,282,251,57,116,267,147,131,197,73,0,165,55,210,73,109,241,227,305,220,263,86,104,170,301,272,236,234,239,156,155,219,220,246,202,270,283,43,161,141,275,147,75,275,300,301,355,326,186,98,199,158,198,247,105,49,178,288,183,305
56,223,326,376,273,79,98,175,146,188,130,187,202,209,204,214,161,374,60,90,38,68,166,247,252,201,52,44,159,83,132,126,123,94,134,124,183,183,174,230,54,94,174,48,226,347,165,353,342,108,244,190,150,296,356,169,165,0,218,289,237,203,102,176,141,258,142,93,255,335,178,115,367,392,207,195,313,136,115,303,215,416,400,194,292,236,407,57,191,431,399,195,277,408,81,140,137,108,329,410,263,197,242,448,289,217
57,325,126,177,55,243,284,393,82,114,108,400,408,419,399,394,368,156,274,307,255,156,360,363,396,419,200,176,374,296,350,325,336,167,165,218,178,230,390,393,248,161,216,249,92,197,314,260,222,110,84,317,169,85,142,110,55,218,0,190,37,134,286,275,355,217,316,132,56,118,355,321,190,180,283,162,101,271,259,233,211,218,243,57,121,124,228,201,71,221,265,353,403,297,228,124,231,193,155,193,77,33,170,233,153,355
58,476,147,168,190,354,385,442,175,109,257,467,489,491,493,503,448,242,320,353,321,265,455,510,529,458,242,250,437,369,400,416,406,300,319,359,350,393,422,515,282,196,150,337,281,78,440,73,53,224,107,456,144,241,202,283,210,289,190,0,223,317,292,423,383,67,427,207,148,235,465,340,124,212,441,96,179,401,246,48,106,190,124,240,97,69,153,310,134,230,110,476,546,121,241,153,197,192,104,251,261,167,48,267,48,490
59,316,139,186,55,251,293,410,112,151,114,413,418,431,406,397,379,144,295,327,274,171,368,356,392,437,226,198,388,311,368,335,350,172,162,217,164,220,410,393,272,190,251,263,65,222,315,292,252,129,116,313,204,59,140,102,73,237,37,223,0,115,312,269,377,253,321,158,80,102,359,345,208,179,273,199,104,272,289,267,247,226,264,49,146,159,244,212,107,221,291,353,396,326,257,157,264,224,175,184,41,69,206,226,184,352
60,207,253,300,170,180,220,355,155,220,85,347,342,360,323,307,308,246,261,286,232,138,289,247,288,385,219,181,327,255,318,263,289,110,77,127,53,110,365,295,252,206,294,208,54,331,220,389,354,129,216,211,247,155,251,41,109,203,134,317,115,0,300,165,339,329,237,167,189,203,270,318,322,289,163,263,218,180,295,355,308,340,376,78,255,248,358,156,183,331,399,257,287,430,257,201,288,245,287,287,106,150,287,331,285,249
61,311,371,417,336,170,168,155,204,215,221,188,219,213,237,261,184,436,62,78,91,162,206,327,319,166,87,121,159,120,118,172,141,196,235,223,285,284,131,289,49,127,145,127,316,363,241,342,344,186,284,273,152,370,411,263,241,102,286,292,312,300,0,269,92,241,208,155,308,402,234,48,396,442,301,198,369,224,48,289,194,454,414,277,326,259,433,158,238,477,401,262,350,398,59,174,97,106,360,467,345,258,245,502,308,292
62,53,401,451,323,99,112,245,248,314,172,221,202,225,174,149,179,409,209,214,178,161,149,89,123,276,223,192,212,166,221,141,181,123,111,64,112,58,270,131,225,246,341,141,218,459,65,494,470,199,342,46,305,318,409,168,227,176,275,423,269,165,269,0,259,410,98,221,329,366,119,260,463,448,34,342,372,47,291,449,374,493,510,222,388,357,502,125,294,490,523,96,128,543,256,274,311,275,425,450,270,276,381,493,405,84
63,289,453,501,409,172,148,66,278,301,271,106,143,131,169,202,118,511,82,53,108,209,149,294,272,74,158,180,81,94,45,128,85,229,265,234,310,292,39,237,110,206,237,133,367,453,212,434,436,247,367,248,241,436,489,308,305,141,355,383,377,339,92,259,0,333,173,224,386,473,185,44,483,522,293,289,446,212,140,381,285,539,505,335,411,346,521,184,317,559,493,220,308,490,144,256,189,193,447,544,404,331,336,581,397,255
64,463,206,233,232,330,356,395,176,109,257,424,449,448,458,472,410,299,278,309,285,249,421,494,507,407,207,224,393,332,355,382,366,289,315,347,353,389,372,488,240,168,96,306,303,144,418,100,110,217,145,438,109,283,261,291,220,258,217,67,253,329,241,410,333,0,400,190,188,286,436,290,191,275,433,69,232,383,193,48,48,257,187,258,153,97,219,290,149,296,163,452,528,157,196,138,144,152,169,313,293,187,48,332,109,470
65,116,439,490,370,76,44,148,266,321,209,123,107,129,86,78,82,466,146,137,123,168,53,122,112,180,194,178,115,89,131,46,89,150,164,109,189,147,177,88,175,233,315,94,283,478,39,493,478,216,366,75,291,377,458,224,263,142,316,427,321,237,208,98,173,400,0,222,365,423,39,185,491,496,129,336,417,59,242,444,357,532,531,272,414,368,531,120,314,537,534,54,142,547,216,274,275,250,453,505,333,307,381,547,421,84
66,273,233,283,185,147,181,267,54,100,83,280,295,302,294,298,254,286,144,178,131,59,255,305,322,290,68,49,252,176,223,216,216,99,130,157,174,202,260,308,116,39,131,135,168,257,234,276,257,39,151,250,87,216,266,126,86,93,132,207,158,167,155,221,224,190,222,0,163,250,260,189,275,300,243,121,223,195,134,229,156,323,310,126,198,147,315,104,98,338,313,269,340,328,99,54,121,77,237,320,192,107,162,357,199,284
67,380,74,125,44,290,330,429,109,105,160,441,452,461,446,443,411,130,306,341,292,200,407,418,449,453,228,211,413,336,386,370,376,217,219,271,234,286,422,444,276,182,212,291,143,143,366,214,173,151,44,370,171,95,104,166,104,255,56,148,80,189,308,329,386,188,365,163,0,103,404,348,134,137,339,149,61,323,274,195,194,166,187,113,66,92,173,247,71,176,212,404,457,247,249,135,238,206,99,160,114,59,140,195,105,408
68,410,95,119,66,353,395,509,198,208,216,515,520,533,508,499,481,43,391,425,372,271,470,450,489,536,318,294,489,412,467,437,451,274,262,318,256,313,508,492,365,276,315,364,149,199,415,289,242,227,143,411,273,48,57,201,170,335,118,235,102,203,402,366,473,286,423,250,103,0,460,438,163,91,366,252,56,372,372,283,296,152,223,151,138,191,187,314,170,131,263,453,490,307,344,233,339,305,146,84,97,144,238,127,187,449
69,120,478,529,408,114,80,146,304,359,247,112,85,110,56,39,74,503,174,158,154,207,39,114,88,175,229,215,114,114,140,62,100,188,199,144,221,174,181,56,206,270,349,130,318,516,53,530,516,255,405,83,327,414,496,260,301,178,355,465,359,270,234,119,185,436,39,260,404,460,0,204,530,534,145,372,455,91,272,480,392,570,569,309,453,407,570,159,353,575,572,36,122,584,248,312,308,285,492,543,369,345,418,585,459,73
70,296,413,461,373,165,151,107,241,259,244,143,177,169,199,227,146,475,57,48,89,183,172,307,292,118,121,148,115,96,75,143,106,209,247,224,295,284,82,259,73,167,194,122,341,410,221,390,392,216,327,256,199,403,452,284,272,115,321,340,345,318,48,260,44,290,185,189,348,438,204,0,441,484,293,246,409,213,97,337,242,498,462,306,370,304,479,166,279,520,449,236,325,446,102,216,145,151,406,507,375,295,293,543,355,269
71,514,72,54,155,416,453,535,226,183,292,553,569,576,568,569,529,150,410,445,404,323,529,551,581,555,329,324,524,450,492,490,490,346,352,403,368,420,522,574,375,280,265,410,272,51,496,147,100,275,125,503,244,193,110,300,236,367,190,124,208,322,396,463,483,191,491,275,134,163,530,441,0,102,473,200,115,453,353,164,225,66,60,247,77,137,40,371,178,109,102,534,590,148,339,230,307,290,38,143,232,188,159,149,89,540
72,495,73,49,126,422,463,566,246,230,287,577,586,597,578,573,547,58,443,478,429,334,540,534,571,590,364,348,550,472,523,504,513,346,340,395,341,397,559,570,412,317,330,427,235,151,492,248,200,287,159,492,298,137,39,280,234,392,180,212,179,289,442,448,522,275,496,300,137,91,534,484,102,0,451,263,79,449,406,258,300,65,156,227,126,196,111,380,205,42,202,531,574,250,384,269,365,338,108,41,185,195,234,60,167,530
73,45,409,458,328,132,145,277,266,333,185,251,229,254,200,171,210,409,242,248,210,185,178,84,130,308,252,219,244,200,255,173,214,144,123,88,110,53,303,146,257,272,367,174,217,473,93,513,487,218,355,64,329,318,412,174,239,207,283,441,273,163,301,34,293,433,129,243,339,366,145,293,473,451,0,364,377,81,322,470,398,499,523,228,400,374,511,154,310,493,538,117,124,561,286,295,339,303,436,450,269,288,401,493,420,95
74,394,190,229,191,264,293,346,109,48,189,370,393,395,399,409,353,274,223,257,226,180,361,426,441,362,147,158,340,273,304,321,310,220,246,278,285,320,327,424,186,102,67,243,242,165,352,158,149,148,109,370,48,239,240,224,156,195,162,96,199,263,198,342,289,69,336,121,149,252,372,246,200,263,364,0,204,315,153,109,48,262,216,196,138,68,236,223,92,292,206,386,461,212,145,69,107,96,168,296,240,130,48,323,111,403
75,420,43,83,49,343,384,488,169,163,208,498,507,518,499,494,468,71,366,401,351,255,461,459,494,513,288,270,471,394,445,425,434,267,263,317,268,323,483,492,337,243,269,348,165,145,414,234,187,208,94,415,231,78,43,204,155,313,101,179,104,218,369,372,446,232,417,223,61,56,455,409,115,79,377,204,0,371,335,227,246,123,175,150,83,140,146,301,132,120,211,453,499,254,310,196,298,267,92,98,120,116,185,135,131,453
76,88,396,447,323,57,65,200,231,293,163,180,166,188,144,128,139,415,163,167,133,137,113,112,129,232,186,160,168,119,175,97,136,107,110,54,131,89,224,122,182,216,307,97,228,445,43,471,451,180,330,56,275,325,410,172,219,136,271,401,272,180,224,47,212,383,59,195,323,372,91,213,453,449,81,315,371,0,249,424,343,489,497,222,377,338,493,93,279,491,505,82,146,522,216,249,273,241,415,455,279,266,357,498,389,89
77,337,333,377,307,192,200,203,178,176,212,235,265,261,281,302,229,404,98,123,120,159,248,357,354,214,77,116,206,158,166,211,185,199,238,238,288,296,179,327,68,99,97,153,302,318,272,293,297,171,246,302,110,344,376,255,220,115,259,246,289,295,48,291,140,193,242,134,274,372,272,97,353,406,322,153,335,249,0,241,145,412,369,260,286,217,389,170,204,439,354,297,383,349,39,139,49,68,319,433,325,229,199,465,264,324
78,502,195,212,238,373,401,442,207,138,289,471,496,496,504,517,457,290,325,357,331,288,467,534,550,455,252,267,441,378,403,428,413,326,350,385,384,424,419,532,287,211,143,351,323,113,461,53,70,252,152,479,153,288,249,319,246,303,233,48,267,355,289,449,381,48,444,229,195,283,480,337,164,258,470,109,227,424,241,0,95,229,148,280,145,109,186,331,172,272,118,495,569,109,244,175,192,198,150,297,306,207,69,311,96,512
79,426,228,262,237,290,313,347,154,97,231,376,403,401,412,427,364,316,231,262,240,213,376,456,466,360,163,184,346,286,308,337,320,255,285,311,326,358,324,445,194,128,48,263,290,183,377,148,155,188,153,399,69,286,280,269,202,215,211,106,247,308,194,374,285,48,357,156,194,296,392,242,225,300,398,48,246,343,145,95,0,290,229,243,174,107,257,251,140,325,209,410,488,204,150,109,97,107,198,335,288,178,67,359,137,430
80,541,93,41,171,457,496,588,271,239,326,603,616,625,611,610,576,122,463,498,453,366,573,580,614,610,382,372,575,499,545,535,539,383,383,436,390,445,577,610,430,333,328,456,287,116,532,208,163,317,173,535,303,194,94,326,270,416,218,190,226,340,454,493,539,257,532,323,166,152,570,498,66,65,499,262,123,489,412,229,290,0,102,271,128,196,53,413,225,48,150,570,620,198,396,283,368,348,94,99,240,225,224,90,153,573
81,562,132,109,213,455,491,561,266,212,338,583,602,606,603,608,561,207,437,471,434,363,564,599,625,578,357,357,553,482,519,525,521,391,400,448,420,471,544,615,400,308,274,445,329,53,538,113,78,317,168,548,263,253,169,351,283,400,243,124,264,376,414,510,505,187,531,310,187,223,569,462,60,156,523,216,175,497,369,148,229,102,0,300,123,164,49,411,218,150,48,576,637,97,361,260,320,312,89,195,291,235,170,192,111,585
82,270,181,231,101,202,244,364,92,149,67,366,369,384,357,348,331,194,253,284,230,127,320,309,344,392,190,158,342,265,323,287,303,124,113,168,121,174,367,344,234,162,237,216,47,254,266,312,277,91,139,265,189,106,188,54,43,194,57,240,49,78,277,222,335,258,272,126,113,151,309,306,247,227,228,196,150,222,260,280,243,271,300,0,178,172,285,164,109,269,321,304,349,352,225,141,242,199,212,233,69,74,214,276,208,303
83,440,54,92,101,339,376,461,149,111,217,478,493,500,491,492,452,147,336,371,328,246,452,477,505,482,255,248,449,374,418,413,414,270,278,327,297,348,449,497,302,206,205,333,210,77,419,154,109,198,48,427,176,150,108,229,161,292,121,97,146,255,326,388,411,153,414,198,66,138,453,370,77,126,400,138,83,377,286,145,174,128,123,178,0,71,117,295,101,154,145,457,516,181,268,156,242,220,38,161,178,113,109,185,48,464
84,410,123,162,136,294,328,400,108,48,189,420,438,443,439,445,397,209,275,309,271,202,401,445,467,419,194,194,390,318,357,361,357,234,251,293,281,325,385,454,239,145,135,281,214,111,379,142,113,159,48,392,107,186,174,214,141,236,124,69,159,248,259,357,346,97,368,147,92,191,407,304,137,196,374,68,140,338,217,109,107,196,164,172,71,0,175,249,65,225,167,415,482,187,202,96,172,153,102,229,198,98,48,255,53,427
85,552,105,68,190,456,493,574,266,222,331,593,609,616,608,609,568,166,449,484,443,363,569,590,620,594,368,363,564,490,531,530,529,386,391,442,405,458,560,613,414,319,299,450,308,75,535,158,117,315,165,542,281,223,131,338,275,407,228,153,244,358,433,502,521,219,531,315,173,187,570,479,40,111,511,236,146,493,389,186,257,53,49,285,117,175,0,411,218,102,97,574,630,145,377,269,342,328,78,149,265,227,193,143,125,580
86,176,321,372,256,44,83,202,146,203,98,202,206,219,198,198,168,355,109,131,77,48,160,205,219,232,98,67,178,102,163,124,139,45,81,68,129,127,210,205,110,123,215,53,188,358,130,379,361,97,247,148,182,270,343,127,147,57,201,310,212,156,158,125,184,290,120,104,247,314,159,166,371,380,154,223,301,93,170,331,251,413,411,164,295,249,411,0,194,421,416,166,238,431,133,158,186,150,333,393,231,188,266,434,301,181
87,347,136,185,105,238,275,364,48,43,124,378,392,400,390,392,352,200,239,274,228,146,351,383,407,386,159,147,350,274,320,312,314,173,187,232,215,260,354,398,207,112,147,232,154,166,320,207,177,99,53,331,103,150,174,149,75,191,71,134,107,183,238,294,317,149,314,98,71,170,353,279,178,205,310,92,132,279,204,172,140,225,218,109,101,65,218,194,0,242,228,358,421,252,179,64,169,136,139,230,148,38,104,264,111,367
88,537,107,63,168,464,504,605,285,263,329,617,627,637,619,615,587,92,481,516,468,375,581,576,613,628,401,387,589,512,562,545,552,387,382,437,383,439,596,612,449,353,359,467,277,160,534,254,208,327,193,534,330,178,81,322,275,431,221,230,221,331,477,490,559,296,537,338,176,131,575,520,109,42,493,292,120,491,439,272,325,48,150,269,154,225,102,421,242,0,199,573,616,247,419,304,396,372,128,59,226,234,259,41,189,572
89,575,168,154,244,460,493,552,275,213,352,577,599,601,603,611,558,251,430,463,431,369,564,611,633,567,352,358,547,479,511,525,516,401,415,460,439,487,531,621,393,305,257,445,355,69,545,73,57,325,184,558,254,288,212,371,300,399,265,110,291,399,401,523,493,163,534,313,212,263,572,449,102,202,538,206,211,505,354,118,209,150,48,321,145,167,97,416,228,199,0,582,648,48,351,260,305,303,120,242,322,252,158,240,117,594
90,86,478,529,405,122,98,183,310,369,245,148,118,144,85,54,111,496,200,189,177,213,75,77,58,212,247,228,150,142,175,93,134,188,192,136,205,154,217,40,230,284,369,148,308,523,39,544,527,259,410,53,343,406,492,253,301,195,353,476,353,257,262,96,220,452,54,269,404,453,36,236,534,531,117,386,453,82,297,495,410,570,576,304,457,415,574,166,358,573,582,0,89,597,270,323,329,303,495,537,359,347,431,579,467,36
91,80,529,579,450,199,183,265,374,438,299,226,190,216,155,116,194,533,288,278,263,282,160,40,38,292,328,305,234,231,263,182,223,248,238,189,234,177,302,76,316,361,450,231,341,586,112,616,595,323,469,90,420,442,535,295,355,277,403,546,396,287,350,128,308,528,142,340,457,490,122,325,590,574,124,461,499,146,383,569,488,620,637,349,516,482,630,238,421,616,648,89,0,667,355,395,413,384,553,574,393,403,503,617,531,59
92,596,212,201,282,474,504,551,295,229,376,579,604,604,611,622,564,298,433,465,438,386,573,631,650,564,359,369,549,485,512,533,521,420,438,480,467,512,528,635,395,314,252,455,389,109,561,56,76,345,214,577,259,328,258,399,326,408,297,121,326,430,398,543,490,157,547,328,247,307,584,446,148,250,561,212,254,522,349,109,204,198,97,352,181,187,145,431,252,247,48,597,667,0,352,274,301,306,161,290,359,280,166,288,145,611
93,304,312,359,278,160,172,201,147,157,174,227,253,252,264,281,214,378,81,113,94,121,229,327,328,218,39,77,197,138,160,190,170,161,200,201,249,259,183,303,44,68,103,123,266,309,243,296,294,135,226,270,97,313,352,217,186,81,228,241,257,257,59,256,144,196,216,99,249,344,248,102,339,384,286,145,310,216,39,244,150,396,361,225,268,202,377,133,179,419,351,270,355,352,0,115,59,49,303,409,291,199,193,443,253,295
94,327,198,245,168,201,233,306,48,48,122,324,342,347,343,350,301,265,180,215,174,113,305,359,376,326,99,98,295,222,263,265,261,151,178,210,218,251,294,362,146,50,97,185,187,207,288,222,204,80,111,304,48,208,238,160,98,140,124,153,157,201,174,274,256,138,274,54,135,233,312,216,230,269,295,69,196,249,139,175,109,283,260,141,156,96,269,158,64,304,260,323,395,274,115,0,107,71,193,294,196,91,108,328,149,338
95,360,292,334,274,216,232,251,152,135,204,281,309,306,322,341,271,368,139,167,153,162,287,384,387,263,87,121,251,197,212,249,227,205,242,253,290,307,227,363,103,82,49,182,287,270,301,245,248,160,206,328,68,316,338,247,199,137,231,197,264,288,97,311,189,144,275,121,238,339,308,145,307,365,339,107,298,273,49,192,97,368,320,242,242,172,342,186,169,396,305,329,413,301,59,107,0,43,274,394,302,199,151,425,218,354
96,326,266,312,239,185,206,250,112,110,160,274,298,299,306,320,258,336,128,161,133,121,269,353,360,267,56,83,244,180,208,230,215,165,201,215,248,268,232,339,90,39,66,156,244,259,272,250,245,116,179,296,48,278,309,204,158,108,193,192,224,245,106,275,193,152,250,77,206,305,285,151,290,338,303,96,267,241,68,198,107,348,312,199,220,153,328,150,136,372,303,303,384,306,49,71,43,0,255,365,261,161,144,398,204,325
97,476,51,65,125,377,415,498,188,146,254,516,531,538,529,531,490,143,373,408,366,285,490,514,543,519,292,286,487,412,455,452,452,308,315,365,332,384,485,535,338,243,234,372,240,53,457,145,97,237,86,465,209,168,102,264,198,329,155,104,175,287,360,425,447,169,453,237,99,146,492,406,38,108,436,168,92,415,319,150,198,94,89,212,38,102,78,333,139,128,120,495,553,161,303,193,274,255,0,148,203,150,131,163,61,502
98,494,107,90,138,434,475,585,266,259,297,593,600,612,589,581,561,41,464,498,447,349,551,534,573,610,386,367,566,489,542,517,529,356,345,401,340,397,580,576,435,341,362,442,233,192,498,289,241,303,188,495,327,132,57,284,247,410,193,251,184,287,467,450,544,313,505,320,160,84,543,507,143,41,450,296,98,455,433,297,335,99,195,233,161,229,149,393,230,59,242,537,574,290,409,294,394,365,148,0,181,213,270,43,205,533
99,313,160,202,78,266,308,433,150,191,135,433,433,449,419,407,397,140,322,353,299,195,382,353,393,461,258,227,409,333,392,351,370,188,169,225,159,216,436,398,302,226,291,284,52,253,322,328,286,159,154,315,244,49,148,109,105,263,77,261,41,106,345,270,404,293,333,192,114,97,369,375,232,185,269,240,120,279,325,306,288,240,291,69,178,198,265,231,148,226,322,359,393,359,291,196,302,261,203,181,0,110,245,224,219,354
100,327,132,184,79,232,271,372,53,82,104,382,393,403,387,385,353,180,250,284,235,141,348,364,393,397,174,154,355,278,329,311,318,159,166,215,187,236,367,387,222,131,182,233,116,186,309,239,205,92,68,315,136,117,159,119,49,197,33,167,69,150,258,276,331,187,307,107,59,144,345,295,188,195,288,130,116,266,229,207,178,225,235,74,113,98,227,188,38,234,252,347,403,280,199,91,199,161,150,213,110,0,141,251,136,353
101,434,163,195,184,308,338,394,137,69,220,418,441,443,446,456,400,254,272,305,273,221,408,467,485,410,194,203,388,321,352,368,358,258,281,317,315,355,375,469,234,149,106,289,258,119,396,113,101,184,97,412,96,235,216,251,178,242,170,48,206,287,245,381,336,48,381,162,140,238,418,293,159,234,401,48,185,357,199,69,67,224,170,214,109,48,193,266,104,259,158,431,503,166,193,108,151,144,131,270,245,141,0,292,71,446
102,538,133,99,178,475,516,623,304,290,339,633,640,652,631,624,601,84,501,535,486,389,593,577,616,648,423,405,606,528,580,558,568,397,388,443,384,440,617,619,471,376,390,482,276,200,541,295,248,342,219,538,357,176,92,327,288,448,233,267,226,331,502,493,581,332,547,357,195,127,585,543,149,60,493,323,135,498,465,311,359,90,192,276,185,255,143,434,264,41,240,579,617,288,443,328,425,398,163,43,224,251,292,0,224,576
103,458,99,125,146,345,380,452,158,101,235,472,491,496,492,498,450,194,327,362,323,254,453,494,517,470,246,246,443,371,409,414,410,284,298,342,323,370,436,506,291,198,175,334,245,58,430,109,69,208,69,441,156,195,154,255,183,289,153,48,184,285,308,405,397,109,421,199,105,187,459,355,89,167,420,111,131,389,264,96,137,153,111,208,48,53,125,301,111,189,117,467,531,145,253,149,218,204,61,205,219,136,71,224,0,477
104,56,481,532,405,140,124,219,320,382,249,184,153,179,119,83,147,493,230,221,204,226,112,41,41,248,269,246,186,174,211,127,169,194,191,137,195,140,253,52,257,303,391,172,301,533,53,559,540,269,417,39,362,401,492,250,305,217,355,490,352,249,292,84,255,470,84,284,408,449,73,269,540,530,95,403,453,89,324,512,430,573,585,303,464,427,580,181,367,572,594,36,59,611,295,338,354,325,502,533,354,353,446,576,477,0
