Node_ID,0,1,2,3,4,5,6,7,8,9,10,11,12,13,14,15,16,17,18,19,20,21,22,23,24,25,26,27,28,29,30,31,32,33,34,35,36,37,38,39,40,41,42,43,44,45,46,47,48,49,50,51,52,53,54,55,56,57,58,59,60,61,62,63,64,65,66,67,68,69,70,71,72,73,74,75,76,77,78,79,80,81,82,83,84,85,86,87,88,89,90,91,92,93,94,95,96,97,98
0,0,223,194,202,81,104,86,166,117,119,98,196,247,85,151,225,56,79,129,203,216,236,251,155,292,284,299,270,180,77,105,193,122,156,158,170,55,95,219,266,214,205,198,39,265,123,202,257,192,39,39,116,159,133,228,203,202,72,151,184,222,240,121,77,65,208,50,240,157,135,86,226,280,84,81,121,189,155,156,167,121,39,236,153,175,155,224,267,190,136,196,116,245,119,164,180,232,265,213
1,223,0,77,252,180,324,249,371,151,151,212,353,234,299,76,357,219,151,190,209,47,51,32,193,335,385,313,49,269,273,264,168,228,113,319,264,277,128,231,304,275,38,132,209,328,248,192,343,154,193,246,305,231,91,290,243,400,286,154,39,120,346,114,193,254,91,175,270,101,349,231,84,398,157,304,286,115,342,138,66,326,256,390,231,74,283,157,402,319,261,375,189,39,118,176,214,195,272,307
2,194,77,0,177,129,285,195,320,92,167,153,288,158,256,92,286,172,115,123,251,114,50,83,222,258,310,237,119,196,224,264,213,240,147,256,285,242,113,154,227,308,38,183,194,251,184,115,267,77,157,206,251,255,76,215,279,345,264,184,67,50,273,123,193,242,151,156,193,39,304,231,32,325,154,273,227,38,285,67,39,276,232,322,161,115,216,83,331,250,272,314,204,116,75,102,139,120,196,233
3,202,252,177,0,132,230,129,219,123,270,103,143,68,198,231,123,146,165,83,369,282,222,259,325,95,134,97,295,40,163,306,342,313,278,129,363,213,200,39,66,402,214,325,232,78,88,67,91,102,172,179,160,344,198,39,383,226,260,300,230,151,100,236,259,267,306,206,39,154,225,283,186,151,235,244,126,139,172,116,192,192,233,165,49,264,83,117,163,96,334,181,291,291,160,77,39,88,68,62
4,81,180,129,132,0,157,69,193,40,141,39,180,168,127,126,193,43,39,52,239,190,177,202,194,227,240,227,229,123,95,179,217,181,159,143,231,117,77,142,198,270,152,207,102,205,77,122,205,112,43,79,125,212,95,165,251,220,151,174,145,147,196,116,126,143,199,73,169,91,174,153,159,244,105,150,107,115,162,78,115,148,118,218,87,158,116,144,240,155,203,196,159,212,62,84,104,152,191,161
5,104,324,285,230,157,0,106,77,196,218,148,152,291,33,254,193,114,174,187,287,319,331,350,241,301,261,320,372,195,69,153,287,194,258,125,230,49,197,260,282,277,303,297,132,269,143,259,250,262,132,79,75,232,233,241,277,115,77,247,286,302,222,224,169,116,311,154,267,247,38,156,315,246,186,38,106,271,94,233,264,51,83,184,187,278,154,294,224,172,191,131,204,348,212,226,225,290,297,212
6,86,249,195,129,69,106,0,126,103,191,44,117,186,73,192,140,37,103,82,283,257,244,270,235,212,199,224,298,100,37,188,268,207,218,79,256,85,139,156,188,300,220,264,123,183,42,153,173,159,75,53,57,244,162,148,287,152,133,224,214,203,154,176,159,146,263,114,168,156,113,172,221,195,152,115,40,173,93,135,183,83,108,157,82,223,70,190,185,105,221,129,197,280,130,121,119,184,196,128
7,166,371,320,219,193,77,126,0,228,285,169,99,286,81,309,142,152,221,204,361,374,369,394,314,269,209,296,421,179,99,230,358,270,322,91,307,118,251,255,257,354,345,364,201,235,146,265,210,280,183,131,69,308,282,217,353,38,154,316,335,326,178,284,239,192,372,214,251,282,39,232,347,188,250,115,99,298,48,259,307,46,155,120,187,336,136,309,162,136,268,64,277,400,254,241,227,295,282,181
8,117,151,92,123,40,196,103,228,0,149,62,202,143,166,111,208,82,49,43,247,169,141,169,206,217,246,211,200,126,133,209,219,202,155,168,252,157,79,122,187,287,119,202,132,200,97,94,206,76,78,119,159,229,77,160,265,253,188,179,120,107,203,114,148,177,187,97,154,54,212,180,120,254,118,190,136,75,193,39,85,184,156,239,87,145,133,107,255,170,228,225,175,186,39,56,87,120,171,165
9,119,151,167,270,141,218,191,285,149,0,178,308,289,204,80,329,154,104,187,99,122,186,183,58,365,380,359,187,263,194,116,77,77,45,269,118,170,70,270,335,143,154,80,86,345,215,239,346,211,115,156,233,88,93,304,117,321,157,34,118,214,336,44,52,117,98,76,303,148,252,85,197,382,38,187,230,187,273,173,129,240,136,348,227,80,253,235,374,291,110,313,39,156,118,203,236,261,320,302
10,98,212,153,103,39,148,44,169,62,178,0,143,151,115,163,155,44,77,39,276,226,202,230,230,196,202,200,261,87,79,203,255,212,197,107,262,118,116,122,168,303,181,245,129,171,39,112,168,115,70,80,99,245,131,132,286,192,161,211,179,159,158,154,159,163,237,107,142,115,157,180,178,205,141,151,75,130,132,91,145,127,131,181,55,196,77,147,201,116,231,163,194,246,95,78,83,144,167,124
11,196,353,288,143,180,152,117,99,202,308,143,0,210,133,306,43,154,217,165,399,369,338,369,350,173,111,203,402,105,120,288,385,317,335,39,362,169,255,182,165,408,320,382,235,139,105,203,112,229,193,158,85,355,274,129,399,90,218,341,321,279,80,292,273,246,378,232,167,254,125,279,308,94,270,184,77,257,58,222,287,102,205,40,130,338,72,252,73,48,325,42,312,388,238,191,165,229,197,91
12,247,234,158,68,168,291,186,286,143,289,151,210,0,259,234,186,194,192,117,386,271,193,231,347,105,179,80,270,108,223,347,354,345,287,197,395,269,219,31,78,429,195,330,270,110,148,50,136,83,211,232,225,372,204,87,406,294,312,316,221,116,156,250,290,311,304,238,50,150,290,320,155,203,260,300,191,120,240,117,185,257,282,230,105,265,151,78,220,163,370,249,317,272,172,87,68,39,39,124
13,85,299,256,198,127,33,73,81,166,204,115,133,259,0,232,171,84,147,154,282,297,303,324,234,272,238,290,347,164,36,158,277,192,241,102,233,39,174,228,252,280,275,283,120,240,111,226,223,230,106,53,50,231,208,211,276,117,85,235,261,271,198,205,159,116,293,134,236,217,51,154,285,226,169,52,76,240,80,202,237,38,77,169,154,258,124,262,207,146,195,121,196,325,184,193,192,257,265,183
14,151,76,92,231,126,254,192,309,111,80,163,306,234,232,0,317,158,90,154,159,66,107,107,131,323,357,310,120,236,210,189,123,157,56,268,197,206,58,221,292,217,75,97,134,309,202,185,317,151,126,179,246,166,34,269,187,340,211,93,39,141,314,39,118,178,76,102,258,84,282,156,119,364,81,232,232,119,284,119,54,262,183,344,198,34,240,169,363,278,189,321,118,94,72,156,193,200,269,276
15,225,357,286,123,193,193,140,142,208,329,155,43,186,171,317,0,176,232,167,424,377,335,369,376,133,68,167,404,91,152,322,406,347,352,70,393,205,270,161,130,439,321,400,263,101,116,189,71,220,215,188,122,384,284,100,428,131,255,363,328,270,39,309,300,279,392,254,139,256,168,310,302,56,291,223,105,252,101,220,291,143,239,44,126,350,77,239,46,39,357,82,338,393,246,186,153,211,167,63
16,56,219,172,146,43,114,37,152,82,154,44,154,194,84,158,176,0,69,79,247,224,220,242,200,236,232,243,268,124,53,161,231,175,181,116,224,78,103,165,210,267,193,228,91,209,67,154,203,151,38,39,87,210,130,172,253,182,118,187,182,188,187,139,124,121,227,78,185,134,132,141,201,230,115,110,77,157,126,120,155,107,87,194,97,188,103,183,221,140,191,164,162,249,102,117,127,185,211,158
17,79,151,115,165,39,174,103,221,49,104,77,217,192,147,90,232,69,0,83,203,155,158,176,160,261,278,257,200,160,122,161,179,153,120,179,204,128,39,169,231,239,129,168,85,240,116,143,242,123,43,95,156,181,61,200,218,251,150,136,114,145,234,77,99,132,161,48,200,79,198,131,147,282,70,159,142,113,195,84,90,175,117,256,123,121,155,153,278,193,179,231,127,180,40,104,133,169,219,199
18,129,190,123,83,52,187,82,204,43,187,39,165,117,154,154,167,79,83,0,286,211,173,205,242,178,203,176,238,82,118,231,260,232,197,133,283,156,118,91,148,320,156,245,154,159,62,75,163,76,95,118,135,263,120,118,300,225,196,218,161,122,160,155,178,193,230,125,118,89,195,205,145,211,153,189,107,95,164,58,125,164,165,200,43,188,93,108,213,128,255,191,209,227,82,39,52,106,139,122
19,203,209,251,369,239,287,283,361,247,99,276,399,386,282,159,424,247,203,286,0,165,256,239,48,464,478,458,227,362,280,144,41,95,104,360,86,244,169,368,434,71,228,79,164,444,312,336,444,306,210,242,319,62,184,403,38,399,214,69,189,300,433,136,126,172,122,170,401,240,325,131,276,478,135,251,322,277,358,269,213,320,206,438,326,139,349,327,468,387,112,399,87,196,214,301,334,356,418,400
20,216,47,114,282,190,319,257,374,169,122,226,369,271,297,66,377,224,155,211,165,0,97,74,156,369,412,350,66,293,276,238,124,197,79,332,227,270,123,265,338,234,79,87,194,359,264,227,371,189,192,244,311,194,95,320,201,406,271,117,51,162,371,96,171,235,45,166,303,128,348,207,128,422,138,294,296,151,350,166,90,328,245,407,254,43,301,198,423,338,229,386,159,34,131,204,243,234,309,332
21,236,51,50,222,177,331,244,369,141,186,202,338,193,303,107,335,220,158,173,256,97,0,38,235,297,356,272,77,244,272,293,215,263,155,306,303,286,146,195,267,319,32,180,230,294,234,157,312,120,201,252,301,272,106,259,288,394,304,195,69,77,320,145,222,277,141,193,234,87,351,260,38,372,183,316,277,83,334,116,69,325,272,372,210,117,266,116,379,299,296,364,225,85,119,150,185,154,232,281
22,251,32,83,259,202,350,270,394,169,183,230,369,231,324,107,369,242,176,205,239,74,38,0,225,335,393,310,38,279,296,296,198,260,145,336,296,304,157,233,305,306,50,161,239,332,265,195,349,157,219,271,326,263,118,296,274,421,316,185,68,115,356,146,225,285,119,204,272,116,374,263,77,407,188,332,305,119,362,149,87,349,285,404,243,106,298,154,414,332,293,394,222,51,140,185,221,193,270,316
23,155,193,222,325,194,241,235,314,206,58,230,350,347,234,131,376,200,160,242,48,156,235,225,0,420,431,416,221,316,232,105,52,55,80,312,71,197,127,327,390,86,205,81,116,399,265,297,398,269,162,193,271,39,149,359,59,351,170,40,166,269,386,100,77,127,118,123,359,205,278,86,250,430,90,205,274,243,309,231,183,272,159,390,281,120,302,293,420,339,81,351,39,189,175,261,292,319,377,354
24,292,335,258,95,227,301,212,269,217,365,196,173,105,272,323,133,236,261,178,464,369,297,335,420,0,92,40,374,113,241,397,437,407,372,180,457,295,296,104,31,497,296,418,325,33,171,143,63,181,266,265,226,439,291,64,478,263,345,396,318,221,94,331,353,356,397,301,66,242,286,376,259,121,331,322,196,219,222,205,280,255,320,173,141,356,148,182,148,133,427,214,386,374,254,167,131,144,68,90
25,284,385,310,134,240,261,199,209,246,380,202,111,179,238,357,68,232,278,203,478,412,356,393,431,92,0,132,429,120,216,385,457,406,398,137,454,270,317,164,106,498,348,446,322,71,166,200,44,236,269,250,189,442,323,97,485,193,321,413,361,284,45,355,356,342,433,307,130,285,236,371,320,30,343,290,167,273,169,248,323,211,302,95,159,390,129,248,60,95,419,147,393,424,285,210,172,213,148,80
26,299,313,237,97,227,320,224,296,211,359,200,203,80,290,310,167,243,257,176,458,350,272,310,416,40,132,0,349,126,256,403,428,408,362,205,458,309,289,90,39,496,275,406,328,67,182,125,98,162,268,276,247,438,279,80,475,294,357,388,300,195,129,323,353,364,382,300,59,227,309,379,234,160,327,338,215,199,249,191,263,277,329,209,146,342,167,157,186,160,430,245,384,352,244,157,124,118,42,115
27,270,49,119,295,229,372,298,421,200,187,261,402,270,347,120,404,268,200,238,227,66,77,38,221,374,429,349,0,315,322,302,186,262,145,368,292,324,175,271,343,297,83,148,254,369,297,233,386,194,241,294,354,260,139,333,264,449,331,182,86,154,392,156,234,297,106,221,310,149,398,271,115,443,199,351,335,157,391,184,115,375,302,438,278,107,331,192,449,366,295,424,224,32,168,221,258,231,309,352
28,180,269,196,40,123,195,100,179,126,263,87,105,108,164,236,91,124,160,82,362,293,244,279,316,113,120,126,315,0,131,285,339,298,278,89,348,184,197,78,89,389,232,326,214,85,58,99,83,128,156,153,123,332,203,49,372,186,233,296,242,179,78,235,245,244,312,194,73,168,187,265,211,130,227,212,89,161,132,131,205,154,207,131,39,270,44,149,135,58,316,142,280,306,164,95,62,125,104,40
29,77,273,224,163,95,69,37,99,133,194,79,120,223,36,210,152,53,122,118,280,276,272,296,232,241,216,256,322,131,0,170,270,197,227,83,242,55,153,192,220,288,247,272,116,211,75,189,196,194,85,39,39,235,183,179,279,130,105,227,236,236,173,187,155,127,276,119,201,186,79,159,253,208,157,81,49,206,79,168,209,53,86,159,118,238,94,226,193,122,205,119,193,301,155,157,156,221,231,154
30,105,264,264,306,179,153,188,230,209,116,203,288,347,158,189,322,161,161,231,144,238,293,296,105,397,385,403,302,285,170,0,157,51,160,253,77,120,151,321,371,124,261,181,77,370,227,301,361,284,136,136,204,84,189,333,126,268,77,130,228,302,341,150,72,43,210,113,345,234,191,33,296,378,110,115,218,271,238,245,228,195,83,326,258,195,258,314,362,291,38,278,81,272,195,262,282,329,369,317
31,193,168,213,342,217,287,268,358,219,77,255,385,354,277,123,406,231,179,260,41,124,215,198,52,437,457,428,186,339,270,157,0,106,67,346,115,241,142,338,406,111,188,38,157,418,292,304,421,272,193,232,309,84,150,378,78,394,218,44,150,263,412,105,119,175,81,153,373,205,323,136,237,459,116,252,308,241,349,237,176,314,204,425,301,99,330,291,452,369,132,389,83,155,184,271,306,322,387,378
32,122,228,240,313,181,194,207,270,202,77,212,317,345,192,157,347,175,153,232,95,197,263,260,55,407,406,408,262,298,197,51,106,0,118,279,51,154,132,322,378,92,231,132,84,382,242,296,377,273,141,159,234,39,164,344,84,308,120,83,195,284,361,119,55,78,165,108,349,216,232,38,271,402,88,157,242,255,271,234,203,231,115,356,266,156,277,301,389,312,33,312,39,231,180,258,284,321,371,333
33,156,113,147,278,159,258,218,322,155,45,197,335,287,241,56,352,181,120,197,104,79,155,145,80,372,398,362,145,278,227,160,67,118,0,296,150,209,82,272,341,164,126,48,127,355,236,238,360,205,144,191,265,118,83,315,133,356,201,40,87,197,354,43,97,162,53,108,307,138,291,130,173,402,72,229,258,174,305,170,109,276,178,374,240,40,275,224,398,313,150,344,80,113,118,205,241,255,320,318
34,158,319,256,129,143,125,79,91,168,269,107,39,197,102,268,70,116,179,133,360,332,306,336,312,180,137,205,368,89,83,253,346,279,296,0,325,135,217,167,166,371,287,343,197,147,72,182,125,202,154,120,52,317,237,126,362,98,185,303,286,252,97,254,235,210,341,193,160,221,106,242,278,125,231,154,39,228,44,191,253,76,169,79,104,300,47,229,109,48,289,58,273,353,202,164,143,210,191,91
35,170,264,285,363,231,230,256,307,252,118,262,362,395,233,197,393,224,204,283,86,227,303,296,71,457,454,458,292,348,242,77,115,51,150,325,0,195,180,372,429,48,272,150,133,432,291,346,427,323,192,205,277,33,210,394,56,344,153,111,235,330,410,162,105,117,189,158,400,263,268,84,315,449,136,191,289,302,313,284,246,271,157,400,316,190,325,349,434,360,38,354,81,260,229,308,334,371,421,382
36,55,277,242,213,117,49,85,118,157,170,118,169,269,39,206,205,78,128,156,244,270,286,304,197,295,270,309,324,184,55,120,241,154,209,135,195,0,149,238,273,242,257,249,84,265,126,230,251,228,86,39,84,193,186,232,238,155,51,200,238,264,228,175,122,78,262,105,252,204,83,115,273,260,137,33,103,232,118,196,219,77,39,206,166,229,148,260,242,176,157,159,159,300,168,195,201,262,281,209
37,95,128,113,200,77,197,139,251,79,70,116,255,219,174,58,270,103,39,118,169,123,146,157,127,296,317,289,175,197,153,151,142,132,82,217,180,149,0,200,265,211,115,129,84,277,154,170,280,143,69,121,190,154,40,236,187,284,159,100,90,153,272,38,81,131,124,47,233,85,225,118,145,321,44,176,179,123,229,104,79,205,128,294,160,85,193,170,317,232,161,267,99,151,49,133,166,192,249,237
38,219,231,154,39,142,260,156,255,122,270,122,182,31,228,221,161,165,169,91,368,265,195,233,327,104,164,90,271,78,192,321,338,322,272,167,372,238,200,0,73,408,193,317,245,99,117,39,120,77,185,202,194,350,189,67,386,264,283,299,214,121,135,233,267,283,294,214,39,139,258,295,158,184,239,270,160,116,209,102,176,226,253,204,74,253,120,84,199,135,345,220,296,270,155,67,39,50,49,99
39,266,304,227,66,198,282,188,257,187,335,168,165,78,252,292,130,210,231,148,434,338,267,305,390,31,106,39,343,89,220,371,406,378,341,166,429,273,265,73,0,468,265,387,297,35,147,112,66,150,238,241,209,410,259,41,449,255,321,365,286,191,94,300,325,330,366,272,34,211,271,348,229,132,301,301,176,189,210,174,249,239,295,173,113,325,129,153,154,121,399,207,357,343,223,136,100,115,43,76
40,214,275,308,402,270,277,300,354,287,143,303,408,429,280,217,439,267,239,320,71,234,319,306,86,497,498,496,297,389,288,124,111,92,164,371,48,242,211,408,468,0,289,149,176,474,334,380,469,353,233,251,324,58,235,434,33,392,201,124,251,356,453,186,144,164,191,197,438,291,316,129,336,494,169,239,334,329,360,315,269,318,204,447,356,202,369,378,480,404,86,401,112,265,259,343,372,403,458,424
41,205,38,38,214,152,303,220,345,119,154,181,320,195,275,75,321,193,129,156,228,79,32,50,205,296,348,275,83,232,247,261,188,231,126,287,272,257,115,193,265,289,0,155,198,290,215,154,305,115,172,224,277,241,75,252,259,372,273,165,39,83,309,113,189,245,118,161,231,66,325,228,50,361,151,287,255,77,312,101,39,300,242,355,196,89,249,120,367,284,264,344,193,78,91,138,176,158,234,270
42,198,132,183,325,207,297,264,364,202,80,245,382,330,283,97,400,228,168,245,79,87,180,161,81,418,446,406,148,326,272,181,38,132,48,343,150,249,129,317,387,149,155,0,165,402,284,282,408,247,190,235,310,118,128,362,116,400,234,52,117,233,402,91,130,193,43,153,353,181,332,155,205,450,115,266,305,214,350,215,148,319,216,421,287,68,322,264,446,361,162,390,101,117,165,251,288,297,365,365
43,39,209,194,232,102,132,123,201,132,86,129,235,270,120,134,263,91,85,154,164,194,230,239,116,325,322,328,254,214,116,77,157,84,127,197,133,84,84,245,297,176,198,165,0,299,158,224,293,207,60,77,155,121,124,261,164,237,77,116,171,229,277,98,39,48,180,39,270,161,167,51,227,318,56,102,159,197,193,169,162,157,51,275,184,152,192,238,306,228,102,235,77,226,122,185,206,252,293,249
44,265,328,251,78,205,269,183,235,200,345,171,139,110,240,309,101,209,240,159,444,359,294,332,399,33,71,67,369,85,211,370,418,382,355,147,432,265,277,99,35,474,290,402,299,0,143,137,32,175,241,236,194,416,276,41,456,230,315,377,308,219,62,313,330,328,384,277,61,231,253,350,257,97,309,291,164,213,189,193,269,222,291,142,118,342,117,182,120,100,401,181,364,367,238,155,116,145,78,57
45,123,248,184,88,77,143,42,146,97,215,39,105,148,111,202,116,67,116,62,312,264,234,265,265,171,166,182,297,58,75,227,292,242,236,72,291,126,154,117,147,334,215,284,158,143,0,120,135,134,103,94,79,277,169,107,319,164,175,248,216,182,121,193,191,186,276,141,126,149,143,208,207,167,177,156,47,157,104,119,182,110,149,143,44,235,39,163,162,77,258,130,228,283,133,95,83,151,155,91
46,202,192,115,67,122,259,153,265,94,239,112,203,50,226,185,189,154,143,75,336,227,157,195,297,143,200,125,233,99,189,301,304,296,238,182,346,230,170,39,112,380,154,282,224,137,120,0,156,39,166,192,199,323,155,102,356,279,270,267,176,84,167,200,242,266,257,190,77,102,262,273,120,218,211,263,167,77,221,67,139,230,239,230,78,217,135,50,230,157,322,238,268,231,122,39,39,32,83,129
47,257,343,267,91,205,250,173,210,206,346,168,112,136,223,317,71,203,242,163,444,371,312,349,398,63,44,98,386,83,196,361,421,377,360,125,427,251,280,120,66,469,305,408,293,32,135,156,0,192,237,225,175,412,283,53,454,201,301,378,319,239,32,318,326,319,393,275,86,243,230,343,276,67,309,275,148,230,165,205,281,201,280,111,120,351,103,204,89,77,393,152,362,381,245,167,129,169,107,45
48,192,154,77,102,112,262,159,280,76,211,115,229,83,230,151,220,151,123,76,306,189,120,157,269,181,236,162,194,128,194,284,272,273,205,202,323,228,143,77,150,353,115,247,207,175,134,39,192,0,154,189,211,297,122,139,328,298,263,236,138,50,201,170,220,252,221,171,116,67,272,254,84,253,186,261,181,38,238,39,102,241,230,259,99,181,157,32,262,185,301,260,243,193,94,39,67,50,120,162
49,39,193,157,172,43,132,75,183,78,115,70,193,211,106,126,215,38,43,95,210,192,201,219,162,266,269,268,241,156,85,136,193,141,144,154,192,86,69,185,238,233,172,190,60,241,103,166,237,154,0,53,122,175,102,202,217,215,110,149,155,183,224,103,89,100,191,39,210,120,157,111,189,268,77,116,115,151,162,117,133,136,78,233,124,154,140,185,259,177,162,201,125,219,82,127,146,195,233,192
50,39,246,206,179,79,79,53,131,119,156,80,158,232,53,179,188,39,95,118,242,244,252,271,193,265,250,276,294,153,39,136,232,159,191,120,205,39,121,202,241,251,224,235,77,236,94,192,225,189,53,0,77,197,155,201,241,165,81,189,208,226,206,153,116,93,241,83,218,168,104,122,236,243,120,72,84,194,117,157,185,85,55,197,131,205,122,221,230,155,170,158,155,272,133,156,164,223,245,182
51,116,305,251,160,125,75,57,69,159,233,99,85,225,50,246,122,87,156,135,319,311,301,326,271,226,189,247,354,123,39,204,309,234,265,52,277,84,190,194,209,324,277,310,155,194,79,199,175,211,122,77,0,272,217,167,317,95,133,266,269,257,148,225,193,161,313,158,196,213,65,196,277,176,195,102,34,229,40,190,240,32,121,123,122,275,80,241,158,97,240,80,232,335,187,173,162,230,227,137
52,159,231,255,344,212,232,244,308,229,88,245,355,372,231,166,384,210,181,263,62,194,272,263,39,439,442,438,260,332,235,84,84,39,118,317,33,193,154,350,410,58,241,118,121,416,277,323,412,297,175,197,272,0,181,376,45,346,157,78,203,302,397,132,86,116,156,139,380,236,270,77,285,439,112,195,280,274,309,258,217,269,154,394,298,158,313,323,426,349,51,350,55,228,203,285,314,346,400,368
53,133,91,76,198,95,233,162,282,77,93,131,274,204,208,34,284,130,61,120,184,95,106,118,149,291,323,279,139,203,183,189,150,164,83,237,210,186,40,189,259,235,75,128,124,276,169,155,283,122,102,155,217,181,0,236,208,312,198,115,53,121,280,49,118,171,110,87,225,56,258,156,108,331,79,214,201,94,255,88,39,236,168,312,164,67,207,144,330,245,196,291,129,118,38,123,160,172,238,243
54,228,290,215,39,165,241,148,217,160,304,132,129,87,211,269,100,172,200,118,403,320,259,296,359,64,97,80,333,49,179,333,378,344,315,126,394,232,236,67,41,434,252,362,261,41,107,102,53,139,202,201,167,376,236,0,416,218,281,336,269,186,69,273,290,292,344,238,39,192,230,312,223,117,269,260,135,177,170,154,230,198,256,144,78,302,88,151,133,83,363,170,324,329,198,116,77,117,68,39
55,203,243,279,383,251,277,287,353,265,117,286,399,406,276,187,428,253,218,300,38,201,288,274,59,478,485,475,264,372,279,126,78,84,133,362,56,238,187,386,449,33,259,116,164,456,319,356,454,328,217,241,317,45,208,416,0,391,201,95,220,327,440,159,128,161,158,179,418,264,315,122,306,482,148,239,324,302,354,290,240,314,199,439,338,171,355,352,471,392,90,395,92,232,235,320,351,378,436,409
56,202,400,345,226,220,115,152,38,253,321,192,90,294,117,340,131,182,251,225,399,406,394,421,351,263,193,294,449,186,130,268,394,308,356,98,344,155,284,264,255,392,372,400,237,230,164,279,201,298,215,165,95,346,312,218,391,0,191,352,364,346,169,317,276,230,406,248,255,307,77,269,369,169,285,153,118,320,60,282,335,80,193,99,201,369,145,326,140,135,306,49,314,431,282,259,240,308,285,180
57,72,286,264,260,151,77,133,154,188,157,161,218,312,85,211,255,118,150,196,214,271,304,316,170,345,321,357,331,233,105,77,218,120,201,185,153,51,159,283,321,201,273,234,77,315,175,270,301,263,110,81,133,157,198,281,201,191,0,182,248,293,278,175,105,43,254,112,299,229,115,83,297,310,133,38,154,261,164,227,235,120,33,254,212,228,199,295,291,227,115,204,136,303,190,233,244,301,327,259
58,151,154,184,300,174,247,224,316,179,34,211,341,316,235,93,363,187,136,218,69,117,195,185,40,396,413,388,182,296,227,130,44,83,40,303,111,200,100,299,365,124,165,52,116,377,248,267,378,236,149,189,266,78,115,336,95,352,182,0,127,233,369,67,79,140,82,110,333,171,282,103,212,415,72,214,264,208,306,200,146,272,165,381,259,80,287,258,408,325,114,346,49,151,145,232,266,286,348,335
59,184,39,67,230,145,286,214,335,120,118,179,321,221,261,39,328,182,114,161,189,51,69,68,166,318,361,300,86,242,236,228,150,195,87,286,235,238,90,214,286,251,39,117,171,308,216,176,319,138,155,208,269,203,53,269,220,364,248,127,0,116,320,78,157,216,84,137,252,76,311,196,88,372,119,266,251,102,307,114,38,289,218,359,204,51,252,150,374,289,228,341,157,67,84,153,191,185,258,281
60,222,120,50,151,147,302,203,326,107,214,159,279,116,271,141,270,188,145,122,300,162,77,115,269,221,284,195,154,179,236,302,263,284,197,252,330,264,153,121,191,356,83,233,229,219,182,84,239,50,183,226,257,302,121,186,327,346,293,233,116,0,250,170,234,276,200,191,158,69,315,271,39,301,196,296,228,32,286,69,87,285,260,309,149,166,207,39,312,236,314,310,249,158,107,88,117,78,155,212
61,240,346,273,100,196,222,154,178,203,336,158,80,156,198,314,39,187,234,160,433,371,320,356,386,94,45,129,392,78,173,341,412,361,354,97,410,228,272,135,94,453,309,402,277,62,121,167,32,201,224,206,148,397,280,69,440,169,278,369,320,250,0,311,312,299,390,263,107,245,201,326,285,52,298,250,124,237,135,208,283,173,259,80,117,348,85,217,64,52,375,120,348,384,242,171,135,185,132,40
62,121,114,123,236,116,224,176,284,114,44,154,292,250,205,39,309,139,77,155,136,96,145,146,100,331,355,323,156,235,187,150,105,119,43,254,162,175,38,233,300,186,113,91,98,313,193,200,318,170,103,153,225,132,49,273,159,317,175,67,78,170,311,0,79,140,89,71,267,105,255,117,153,359,43,198,216,143,265,133,85,238,148,332,197,54,231,193,355,270,151,303,81,128,79,166,201,220,282,275
63,77,193,193,259,126,169,159,239,148,52,159,273,290,159,118,300,124,99,178,126,171,222,225,77,353,356,353,234,245,155,72,119,55,97,235,105,122,81,267,325,144,189,130,39,330,191,242,326,220,89,116,193,86,118,290,128,276,105,79,157,234,312,79,0,65,150,53,295,165,204,39,225,354,39,136,197,203,232,181,157,196,86,313,212,128,227,248,343,264,81,273,39,204,128,203,229,268,316,281
64,65,254,242,267,143,116,146,192,177,117,163,246,311,116,178,279,121,132,193,172,235,277,285,127,356,342,364,297,244,127,43,175,78,162,210,117,78,131,283,330,164,245,193,48,328,186,266,319,252,100,93,161,116,171,292,161,230,43,140,216,276,299,140,65,0,215,86,305,209,154,41,274,335,98,79,175,244,196,214,209,155,41,284,218,192,215,283,319,248,79,237,93,268,169,227,244,295,330,275
65,208,91,151,306,199,311,263,372,187,98,237,378,304,293,76,392,227,161,230,122,45,141,119,118,397,433,382,106,312,276,210,81,165,53,341,189,262,124,294,366,191,118,43,180,384,276,257,393,221,191,241,313,156,110,344,158,406,254,82,84,200,390,89,150,215,0,159,332,155,342,182,169,440,125,282,303,185,353,192,119,326,231,417,274,42,314,234,438,353,196,391,129,74,148,230,268,268,340,352
66,50,175,156,206,73,154,114,214,97,76,107,232,238,134,102,254,78,48,125,170,166,193,204,123,301,307,300,221,194,119,113,153,108,108,193,158,105,47,214,272,197,161,153,39,277,141,190,275,171,39,83,158,139,87,238,179,248,112,110,137,191,263,71,53,86,159,0,242,123,184,83,188,307,38,130,154,159,198,132,124,168,81,271,160,125,179,201,299,217,132,238,87,196,83,151,176,217,263,231
67,240,270,193,39,169,267,168,251,154,303,142,167,50,236,258,139,185,200,118,401,303,234,272,359,66,130,59,310,73,201,345,373,349,307,160,400,252,233,39,34,438,231,353,270,61,126,77,86,116,210,218,196,380,225,39,418,255,299,333,252,158,107,267,295,305,332,242,0,177,260,321,196,153,270,282,163,154,204,139,214,227,271,183,88,290,117,121,171,120,371,208,326,309,189,102,67,84,31,77
68,157,101,39,154,91,247,156,282,54,148,115,254,150,217,84,256,134,79,89,240,128,87,116,205,242,285,227,149,168,186,234,205,216,138,221,263,204,85,139,211,291,66,181,161,231,149,102,243,67,120,168,213,236,56,192,264,307,229,171,76,69,245,105,165,209,155,123,177,0,265,202,69,297,128,236,190,39,247,38,38,238,196,289,130,115,182,88,301,218,246,278,182,139,39,77,115,116,185,206
69,135,349,304,225,174,38,113,39,212,252,157,125,290,51,282,168,132,198,195,325,348,351,374,278,286,236,309,398,187,79,191,323,232,291,106,268,83,225,258,271,316,325,332,167,253,143,262,230,272,157,104,65,270,258,230,315,77,115,282,311,315,201,255,204,154,342,184,260,265,0,194,332,218,218,77,99,286,67,247,287,33,119,153,186,308,143,302,194,154,230,98,241,376,233,234,226,294,291,197
70,86,231,231,283,153,156,172,232,180,85,180,279,320,154,156,310,141,131,205,131,207,260,263,86,376,371,379,271,265,159,33,136,38,130,242,84,115,118,295,348,129,228,155,51,350,208,273,343,254,111,122,196,77,156,312,122,269,83,103,196,271,326,117,39,41,182,83,321,202,194,0,263,365,77,120,205,240,232,215,195,192,77,318,235,164,242,283,351,276,51,273,55,241,164,234,257,300,344,299
71,226,84,32,186,159,315,221,347,120,197,178,308,155,285,119,302,201,147,145,276,128,38,77,250,259,320,234,115,211,253,296,237,271,173,278,315,273,145,158,229,336,50,205,227,257,207,120,276,84,189,236,277,285,108,223,306,369,297,212,88,39,285,153,225,274,169,188,196,69,332,263,0,337,186,305,251,51,309,88,69,304,264,340,178,138,236,77,346,267,303,336,235,121,107,117,150,116,194,246
72,280,398,325,151,244,246,195,188,254,382,205,94,203,226,364,56,230,282,211,478,422,372,407,430,121,30,160,443,130,208,378,459,402,402,125,449,260,321,184,132,494,361,450,318,97,167,218,67,253,268,243,176,439,331,117,482,169,310,415,372,301,52,359,354,335,440,307,153,297,218,365,337,0,344,278,160,288,152,260,334,195,294,70,168,398,129,267,31,91,413,125,392,436,293,223,187,234,174,91
73,84,157,154,235,105,186,152,250,118,38,141,270,260,169,81,291,115,70,153,135,138,183,188,90,331,343,327,199,227,157,110,116,88,72,231,136,137,44,239,301,169,151,115,56,309,177,211,309,186,77,120,195,112,79,269,148,285,133,72,119,196,298,43,39,98,125,38,270,128,218,77,186,344,0,158,192,167,235,147,118,204,107,309,191,96,215,213,336,253,118,275,57,171,92,173,203,235,288,265
74,81,304,273,244,150,38,115,115,190,187,151,184,300,52,232,223,110,159,189,251,294,316,332,205,322,290,338,351,212,81,115,252,157,229,154,191,33,176,270,301,239,287,266,102,291,156,263,275,261,116,72,102,195,214,260,239,153,38,214,266,296,250,198,136,79,282,130,282,236,77,120,305,278,158,0,127,264,129,228,248,84,51,219,197,252,174,293,257,198,153,167,170,325,199,227,233,294,311,234
75,121,286,227,126,107,106,40,99,136,230,75,77,191,76,232,105,77,142,107,322,296,277,305,274,196,167,215,335,89,49,218,308,242,258,39,289,103,179,160,176,334,255,305,159,164,47,167,148,181,115,84,34,280,201,135,324,118,154,264,251,228,124,216,197,175,303,154,163,190,99,205,251,160,192,127,0,202,58,163,220,66,135,117,89,263,48,210,147,73,253,90,235,318,168,142,129,197,193,107
76,189,115,38,139,115,271,173,298,75,187,130,257,120,240,119,252,157,113,95,277,151,83,119,243,219,273,199,157,161,206,271,241,255,174,228,302,232,123,116,189,329,77,214,197,213,157,77,230,38,151,194,229,274,94,177,302,320,261,208,102,32,237,143,203,244,185,159,154,39,286,240,51,288,167,264,202,0,260,39,67,256,228,290,128,147,185,50,296,216,284,286,221,154,76,67,102,84,158,197
77,155,342,285,172,162,94,93,48,193,273,132,58,240,80,284,101,126,195,164,358,350,334,362,309,222,169,249,391,132,79,238,349,271,305,44,313,118,229,209,210,360,312,350,193,189,104,221,165,238,162,117,40,309,255,170,354,60,164,306,307,286,135,265,232,196,353,198,204,247,67,232,309,152,235,129,58,260,0,221,276,44,156,90,142,314,89,266,130,89,275,41,271,373,223,199,182,250,234,134
78,156,138,67,116,78,233,135,259,39,173,91,222,117,202,119,220,120,84,58,269,166,116,149,231,205,248,191,184,131,168,245,237,234,170,191,284,196,104,102,174,315,101,215,169,193,119,67,205,39,117,157,190,258,88,154,290,282,227,200,114,69,208,133,181,214,192,132,139,38,247,215,88,260,147,228,163,39,221,0,76,217,195,255,94,151,150,69,265,183,262,249,204,176,56,39,77,88,150,169
79,167,66,39,192,115,264,183,307,85,129,145,287,185,237,54,291,155,90,125,213,90,69,87,183,280,323,263,115,205,209,228,176,203,109,253,246,219,79,176,249,269,39,148,162,269,182,139,281,102,133,185,240,217,39,230,240,335,235,146,38,87,283,85,157,209,119,124,214,38,287,195,69,334,118,248,220,67,276,76,0,262,204,323,167,80,217,116,337,253,234,309,166,102,53,115,153,150,221,244
80,121,326,276,192,148,51,83,46,184,240,127,102,257,38,262,143,107,175,164,320,328,325,349,272,255,211,277,375,154,53,195,314,231,276,76,271,77,205,226,239,318,300,319,157,222,110,230,201,241,136,85,32,269,236,198,314,80,120,272,289,285,173,238,196,155,326,168,227,238,33,192,304,195,204,84,66,256,44,217,262,0,115,135,154,290,111,271,174,124,233,83,234,354,208,202,193,261,258,166
81,39,256,232,233,118,83,108,155,156,136,131,205,282,77,183,239,87,117,165,206,245,272,285,159,320,302,329,302,207,86,83,204,115,178,169,157,39,128,253,295,204,242,216,51,291,149,239,280,230,78,55,121,154,168,256,199,193,33,165,218,260,259,148,86,41,231,81,271,196,119,77,264,294,107,51,135,228,156,195,204,115,0,243,184,202,176,262,278,208,120,197,122,276,157,201,214,270,298,236
82,236,390,322,165,218,184,157,120,239,348,181,40,230,169,344,44,194,256,200,438,407,372,404,390,173,95,209,438,131,159,326,425,356,374,79,400,206,294,204,173,447,355,421,275,142,143,230,111,259,233,197,123,394,312,144,439,99,254,381,359,309,80,332,313,284,417,271,183,289,153,318,340,70,309,219,117,290,90,255,323,135,243,0,162,377,107,280,42,73,363,56,352,425,275,223,193,253,210,106
83,153,231,161,49,87,187,82,187,87,227,55,130,105,154,198,126,97,123,43,326,254,210,243,281,141,159,146,278,39,118,258,301,266,240,104,316,166,160,74,113,356,196,287,184,118,44,78,120,99,124,131,122,298,164,78,338,201,212,259,204,149,117,197,212,218,274,160,88,130,186,235,178,168,191,197,89,128,142,94,167,154,184,162,0,231,58,125,171,89,286,162,246,269,126,61,40,109,115,79
84,175,74,115,264,158,278,223,336,145,80,196,338,265,258,34,350,188,121,188,139,43,117,106,120,356,390,342,107,270,238,195,99,156,40,300,190,229,85,253,325,202,89,68,152,342,235,217,351,181,154,205,275,158,67,302,171,369,228,80,51,166,348,54,128,192,42,125,290,115,308,164,138,398,96,252,263,147,314,151,80,290,202,377,231,0,273,197,396,311,189,352,117,77,106,189,226,230,300,310
85,155,283,216,83,116,154,70,136,133,253,77,72,151,124,240,77,103,155,93,349,301,266,298,302,148,129,167,331,44,94,258,330,277,275,47,325,148,193,120,129,369,249,322,192,117,39,135,103,157,140,122,80,313,207,88,355,145,199,287,252,207,85,231,227,215,314,179,117,182,143,242,236,129,215,174,48,185,89,150,217,111,176,107,58,273,0,182,124,39,291,104,264,319,170,119,96,163,148,60
86,224,157,83,117,144,294,190,309,107,235,147,252,78,262,169,239,183,153,108,327,198,116,154,293,182,248,157,192,149,226,314,291,301,224,229,349,260,170,84,153,378,120,264,238,182,163,50,204,32,185,221,241,323,144,151,352,326,295,258,150,39,217,193,248,283,234,201,121,88,302,283,77,267,213,293,210,50,266,69,116,271,262,280,125,197,182,0,280,207,330,286,269,196,121,69,88,39,116,179
87,267,402,331,163,240,224,185,162,255,374,201,73,220,207,363,46,221,278,213,468,423,379,414,420,148,60,186,449,135,193,362,452,389,398,109,434,242,317,199,154,480,367,446,306,120,162,230,89,262,259,230,158,426,330,133,471,140,291,408,374,312,64,355,343,319,438,299,171,301,194,351,346,31,336,257,147,296,130,265,337,174,278,42,171,396,124,280,0,85,398,98,382,439,292,230,195,249,195,101
88,190,319,250,96,155,172,105,136,170,291,116,48,163,146,278,39,140,193,128,387,338,299,332,339,133,95,160,366,58,122,291,369,312,313,48,360,176,232,135,121,404,284,361,228,100,77,157,77,185,177,155,97,349,245,83,392,135,227,325,289,236,52,270,264,248,353,217,120,218,154,276,267,91,253,198,73,216,89,183,253,124,208,73,89,311,39,207,85,0,325,88,301,355,207,150,120,182,150,45
89,136,261,272,334,203,191,221,268,228,110,231,325,370,195,189,357,191,179,255,112,229,296,293,81,427,419,430,295,316,205,38,132,33,150,289,38,157,161,345,399,86,264,162,102,401,258,322,393,301,162,170,240,51,196,363,90,306,115,114,228,314,375,151,81,79,196,132,371,246,230,51,303,413,118,153,253,284,275,262,234,233,120,363,286,189,291,330,398,325,0,316,71,263,209,283,307,348,394,349
90,196,375,314,181,196,131,129,64,225,313,163,42,249,121,321,82,164,231,191,399,386,364,394,351,214,147,245,424,142,119,278,389,312,344,58,354,159,267,220,207,401,344,390,235,181,130,238,152,260,201,158,80,350,291,170,395,49,204,346,341,310,120,303,273,237,391,238,208,278,98,273,336,125,275,167,90,286,41,249,309,83,197,56,162,352,104,286,98,88,316,0,312,408,257,222,199,266,238,132
91,116,189,204,291,159,204,197,277,175,39,194,312,317,196,118,338,162,127,209,87,159,225,222,39,386,393,384,224,280,193,81,83,39,80,273,81,159,99,296,357,112,193,101,77,364,228,268,362,243,125,155,232,55,129,324,92,314,136,49,157,249,348,81,39,93,129,87,326,182,241,55,235,392,57,170,235,221,271,204,166,234,122,352,246,117,264,269,382,301,71,312,0,193,148,230,260,292,345,317
92,245,39,116,291,212,348,280,400,186,156,246,388,272,325,94,393,249,180,227,196,34,85,51,189,374,424,352,32,306,301,272,155,231,113,353,260,300,151,270,343,265,78,117,226,367,283,231,381,193,219,272,335,228,118,329,232,431,303,151,67,158,384,128,204,268,74,196,309,139,376,241,121,436,171,325,318,154,373,176,102,354,276,425,269,77,319,196,439,355,263,408,193,0,151,214,252,234,311,345
93,119,118,75,160,62,212,130,254,39,118,95,238,172,184,72,246,102,40,82,214,131,119,140,175,254,285,244,168,164,155,195,184,180,118,202,229,168,49,155,223,259,91,165,122,238,133,122,245,94,82,133,187,203,38,198,235,282,190,145,84,107,242,79,128,169,148,83,189,39,233,164,107,293,92,199,168,76,223,56,53,208,157,275,126,106,170,121,292,207,209,257,148,151,0,88,123,143,203,204
94,164,176,102,77,84,226,121,241,56,203,78,191,87,193,156,186,117,104,39,301,204,150,185,261,167,210,157,221,95,157,262,271,258,205,164,308,195,133,67,136,343,138,251,185,155,95,39,167,39,127,156,173,285,123,116,320,259,233,232,153,88,171,166,203,227,230,151,102,77,234,234,117,223,173,227,142,67,199,39,115,202,201,223,61,189,119,69,230,150,283,222,230,214,88,0,38,68,116,132
95,180,214,139,39,104,225,119,227,87,236,83,165,68,192,193,153,127,133,52,334,243,185,221,292,131,172,124,258,62,156,282,306,284,241,143,334,201,166,39,100,372,176,288,206,116,83,39,129,67,146,164,162,314,160,77,351,240,244,266,191,117,135,201,229,244,268,176,67,115,226,257,150,187,203,233,129,102,182,77,153,193,214,193,40,226,96,88,195,120,307,199,260,252,123,38,0,68,87,96
96,232,195,120,88,152,290,184,295,120,261,144,229,39,257,200,211,185,169,106,356,234,154,193,319,144,213,118,231,125,221,329,322,321,255,210,371,262,192,50,115,403,158,297,252,145,151,32,169,50,195,223,230,346,172,117,378,308,301,286,185,78,185,220,268,295,268,217,84,116,294,300,116,234,235,294,197,84,250,88,150,261,270,253,109,230,163,39,249,182,348,266,292,234,143,68,68,0,78,149
97,265,272,196,68,191,297,196,282,171,320,167,197,39,265,269,167,211,219,139,418,309,232,270,377,68,148,42,309,104,231,369,387,371,320,191,421,281,249,49,43,458,234,365,293,78,155,83,107,120,233,245,227,400,238,68,436,285,327,348,258,155,132,282,316,330,340,263,31,185,291,344,194,174,288,311,193,158,234,150,221,258,298,210,115,300,148,116,195,150,394,238,345,311,203,116,87,78,0,106
98,213,307,233,62,161,212,128,181,165,302,124,91,124,183,276,63,158,199,122,400,332,281,316,354,90,80,115,352,40,154,317,378,333,318,91,382,209,237,99,76,424,270,365,249,57,91,129,45,162,192,182,137,368,243,39,409,180,259,335,281,212,40,275,281,275,352,231,77,206,197,299,246,91,265,234,107,197,134,169,244,166,236,106,79,310,60,179,101,45,349,132,317,345,204,132,96,149,106,0
